alg,seed,best_cost,energy_j,completion,wall_time_s,iterations,K
qipso,0,30048.8203125,14310.8681640625,0.46187055110931396,0.805793940089643,300,10
qipso,1,28288.26953125,14676.51171875,0.4577382802963257,0.7801842181943357,300,10
qipso,2,31746.021484375,15003.08984375,0.2784233093261719,0.7873942120932043,300,10
qipso,3,25743.92578125,14069.0947265625,0.4147091209888458,0.7834732066839933,300,10
qipso,4,29308.94921875,14202.244140625,0.5336116552352905,0.7806283268146217,300,10
qipso,5,33510.15625,13574.001953125,0.2354763299226761,0.7835137639194727,300,10
qipso,6,28952.408203125,14600.5625,0.41504165530204773,0.7768849181011319,300,10
qipso,7,38256.8046875,16005.06640625,0.32816189527511597,0.7764929910190403,300,10
qipso,8,31220.56640625,13832.6220703125,0.27038729190826416,0.7814032342284918,300,10
qipso,9,34567.625,16428.541015625,0.4998953342437744,0.7828150661662221,300,10
qipso,10,17540.388671875,15512.513671875,0.8334046602249146,0.7753808097913861,300,10
qipso,11,34503.578125,13995.416015625,0.3286825716495514,0.7774016060866416,300,10
qipso,12,26333.369140625,13966.763671875,0.5332518815994263,0.7825439600273967,300,10
qipso,13,41242.39453125,15227.8369140625,0.15967616438865662,0.7952097412198782,300,10
qipso,14,29983.525390625,15707.1875,0.5101820826530457,0.7969594961032271,300,10
qipso,15,28741.37109375,14087.0673828125,0.42286592721939087,0.7947279340587556,300,10
qipso,16,28750.35546875,14731.060546875,0.43676847219467163,0.7950403681024909,300,10
qipso,17,24510.9140625,15377.05859375,0.5345903038978577,0.7984890309162438,300,10
qipso,18,30731.16015625,14651.1884765625,0.4617590606212616,0.7909120903350413,300,10
qipso,19,23537.2421875,15559.658203125,0.6750162839889526,0.7859169603325427,300,10
qipso,20,38752.7421875,16647.611328125,0.2632346749305725,0.8117981660179794,300,10
qipso,21,31526.650390625,14792.775390625,0.3743842542171478,0.7892383998259902,300,10
qipso,22,29786.1796875,14295.2470703125,0.44688162207603455,0.7856894978322089,300,10
qipso,23,30476.234375,14159.5859375,0.39241334795951843,0.7991117751225829,300,10
qipso,24,30024.75,15113.0576171875,0.4442919194698334,0.7900293250568211,300,10
qipso,25,31871.4296875,16045.9091796875,0.40212252736091614,0.7919008419848979,300,10
qipso,26,41416.57421875,16368.23046875,0.1009482741355896,0.7966282153502107,300,10
qipso,27,29701.451171875,14471.5078125,0.41683343052864075,0.7982143489643931,300,10
qipso,28,25488.60546875,14648.8935546875,0.5748552680015564,0.7904340024106205,300,10
qipso,29,35796.3125,15329.1455078125,0.2851001024246216,0.7959996270947158,300,10
qipsode,0,28783.263671875,13045.310546875,0.46187055110931396,0.9442506586201489,300,10
qipsode,1,28544.5078125,14300.666015625,0.43255743384361267,0.8783301538787782,300,10
qipsode,2,30079.5,13336.5673828125,0.2784233093261719,0.8833197569474578,300,10
qipsode,3,24928.1015625,13253.26953125,0.4147091209888458,0.8910312713123858,300,10
qipsode,4,28484.556640625,13377.8515625,0.5336116552352905,0.8887674249708652,300,10
qipsode,5,33404.625,13468.466796875,0.2354763299226761,0.8826563679613173,300,10
qipsode,6,27667.44921875,13315.6064453125,0.41504165530204773,0.9001070279628038,300,10
qipsode,7,36100.33203125,13126.2431640625,0.30635228753089905,0.9021332929842174,300,10
qipsode,8,30830.5234375,14033.7509765625,0.2951933741569519,0.9031356060877442,300,10
qipsode,9,31999.10546875,14663.3623046875,0.5220438838005066,0.9006418199278414,300,10
qipsode,10,15570.20703125,13542.3330078125,0.8334046602249146,0.8946820981800556,300,10
qipsode,11,34061.78125,13553.619140625,0.3286825716495514,0.8967399513348937,300,10
qipsode,12,26190.724609375,13775.265625,0.5314080119132996,0.8968372619710863,300,10
qipsode,13,39310.53515625,13896.2255859375,0.17906539142131805,0.8852961300872266,300,10
qipsode,14,28527.97265625,14251.634765625,0.5101820826530457,0.8881133259274065,300,10
qipsode,15,28300.466796875,13646.162109375,0.42286592721939087,0.8809946021065116,300,10
qipsode,16,30163.12109375,13760.142578125,0.34100303053855896,0.8858261816203594,300,10
qipsode,17,21737.681640625,13224.625,0.5662226676940918,0.890117519069463,300,10
qipsode,18,30614.6640625,13365.943359375,0.4226378798484802,0.881081772968173,300,10
qipsode,19,22666.3671875,14099.126953125,0.6509954333305359,0.8828671737574041,300,10
qipsode,20,35819.6953125,13714.5615234375,0.2632346749305725,0.8845179583877325,300,10
qipsode,21,30404.30859375,13096.1328125,0.35291334986686707,0.8866652860306203,300,10
qipsode,22,28993.357421875,13502.42578125,0.44688162207603455,0.8894206639379263,300,10
qipsode,23,29348.05859375,13779.427734375,0.42026734352111816,0.878779408056289,300,10
qipsode,24,29952.37109375,14899.560546875,0.44209447503089905,0.8778806100599468,300,10
qipsode,25,29513.9453125,13688.4228515625,0.40212252736091614,0.8821624401025474,300,10
qipsode,26,38826.109375,13777.765625,0.1009482741355896,0.8919339110143483,300,10
qipsode,27,28842.2109375,13612.2685546875,0.41683343052864075,0.8942951550707221,300,10
qipsode,28,24405.6953125,13579.759765625,0.5753955841064453,0.7933231247588992,300,10
qipsode,29,34550.546875,13803.083984375,0.27530965209007263,0.6537083769217134,300,10
pso,0,29276.923828125,13538.970703125,0.46187055110931396,0.4992984221316874,300,10
pso,1,28238.6875,14571.458984375,0.45552849769592285,0.4985095662996173,300,10
pso,2,30470.564453125,13727.6328125,0.2784233093261719,0.502340208273381,300,10
pso,3,25635.76171875,13960.9296875,0.4147091209888458,0.4993154378607869,300,10
pso,4,29045.24609375,13938.541015625,0.5336116552352905,0.5003413977101445,300,10
pso,5,34310.75,14374.591796875,0.2354763299226761,0.4991748952306807,300,10
pso,6,27537.8203125,13185.9765625,0.41504165530204773,0.5011869496665895,300,10
pso,7,37162.0546875,14903.6015625,0.32795923948287964,0.49904922023415565,300,10
pso,8,30348.130859375,13554.265625,0.29531538486480713,0.4997247760184109,300,10
pso,9,33067.08203125,14370.0390625,0.48451218008995056,0.49892513919621706,300,10
pso,10,16710.951171875,14683.076171875,0.8334046602249146,0.5002157441340387,300,10
pso,11,34682.16015625,14173.998046875,0.3286825716495514,0.5007470096461475,300,10
pso,12,26517.26953125,14706.2177734375,0.5542199611663818,0.4999079476110637,300,10
pso,13,41112.7578125,15088.84765625,0.15937407314777374,0.49829438980668783,300,10
pso,14,29199.796875,14923.458984375,0.5101820826530457,0.49957799119874835,300,10
pso,15,28302.5390625,13648.234375,0.42286592721939087,0.49978341069072485,300,10
pso,16,28733.158203125,14788.3662109375,0.439761757850647,0.49986903835088015,300,10
pso,17,24192.125,15679.0673828125,0.5662226676940918,0.5014142328873277,300,10
pso,18,31084.70703125,14609.3681640625,0.4485251307487488,0.4986954997293651,300,10
pso,19,23805.712890625,16371.2705078125,0.6979894042015076,0.4959023301489651,300,10
pso,20,36479.10546875,14373.97265625,0.2632346749305725,0.4944549659267068,300,10
pso,21,31642.03515625,14333.861328125,0.35291334986686707,0.4987960159778595,300,10
pso,22,29302.953125,13812.0205078125,0.44688162207603455,0.5026216730475426,300,10
pso,23,31776.26171875,15459.615234375,0.39241334795951843,0.4993492728099227,300,10
pso,24,30326.9921875,14963.345703125,0.427449107170105,0.5002393168397248,300,10
pso,25,31265.71484375,15440.193359375,0.40212252736091614,0.49952988885343075,300,10
pso,26,39081.4921875,14033.146484375,0.1009482741355896,0.4993056100793183,300,10
pso,27,28994.166015625,13764.2236328125,0.41683343052864075,0.49839767813682556,300,10
pso,28,25552.58203125,15288.75390625,0.5974419713020325,0.49814286595210433,300,10
pso,29,35251.328125,14533.82421875,0.2763560712337494,0.49722981825470924,300,10
ga,0,81645.3671875,19351.630859375,0.46187055110931396,0.6117480448447168,300,10
ga,1,67309.0625,19662.73828125,0.3411145508289337,0.5950679797679186,300,10
ga,2,52929.203125,18326.244140625,0.2784233093261719,0.5934214191511273,300,10
ga,3,74108.3203125,19411.87109375,0.37042543292045593,0.592188929207623,300,10
ga,4,43167.4453125,17860.16015625,0.5336116552352905,0.5812340741977096,300,10
ga,5,66760.1640625,19141.84375,0.2354763299226761,0.5800719819962978,300,10
ga,6,82162.1484375,19656.275390625,0.41504165530204773,0.577311500441283,300,10
ga,7,76016.796875,18728.89453125,0.30635228753089905,0.5795360216870904,300,10
ga,8,64213.0,19497.171875,0.2955501675605774,0.576419732067734,300,10
ga,9,117630.3125,20547.52734375,0.45092806220054626,0.5764786507934332,300,10
ga,10,59228.328125,18597.572265625,0.8334046602249146,0.5824629534035921,300,10
ga,11,102651.9140625,20005.673828125,0.3286825716495514,0.5788817806169391,300,10
ga,12,58628.57421875,19140.04296875,0.5329914093017578,0.5841937959194183,300,10
ga,13,67849.25,18876.849609375,0.11920248717069626,0.5820362721569836,300,10
ga,14,61704.06640625,19249.91796875,0.476667195558548,0.5822523050010204,300,10
ga,15,56913.296875,18813.416015625,0.42286592721939087,0.5810135607607663,300,10
ga,16,59716.05078125,19345.021484375,0.3474259376525879,0.5800894270651042,300,10
ga,17,64356.04296875,20206.708984375,0.5345903038978577,0.5842617410235107,300,10
ga,18,66488.15625,19598.126953125,0.4226180911064148,0.5840986729599535,300,10
ga,19,66840.84375,18892.5703125,0.6040787100791931,0.5809275861829519,300,10
ga,20,48500.23828125,19024.197265625,0.2632346749305725,0.5823853332549334,300,10
ga,21,55433.5390625,19775.23828125,0.3480246663093567,0.5793842519633472,300,10
ga,22,74469.3203125,20024.9765625,0.44688162207603455,0.580725037958473,300,10
ga,23,58358.04296875,18745.609375,0.39241334795951843,0.5807979530654848,300,10
ga,24,55811.171875,18268.05859375,0.2796854078769684,0.5826471517793834,300,10
ga,25,62841.63671875,19574.677734375,0.40212252736091614,0.5808524587191641,300,10
ga,26,58352.984375,19011.748046875,0.1009482741355896,0.5910096601583064,300,10
ga,27,59868.15625,18957.40625,0.41683343052864075,0.5919660148210824,300,10
ga,28,91556.5,18942.837890625,0.5133010745048523,0.589504103641957,300,10
ga,29,69596.2265625,19032.76171875,0.25733423233032227,0.590228624176234,300,10
de,0,29009.041015625,13271.087890625,0.46187055110931396,0.5363963101990521,300,10
de,1,28452.953125,14223.8349609375,0.43314409255981445,0.5292299389839172,300,10
de,2,29916.72265625,13173.791015625,0.2784233093261719,0.5248711709864438,300,10
de,3,25368.390625,13693.5595703125,0.4147091209888458,0.5249929190613329,300,10
de,4,28421.70703125,13315.0009765625,0.5336116552352905,0.5295248585753143,300,10
de,5,33707.765625,13771.6083984375,0.2354763299226761,0.5334141002967954,300,10
de,6,27729.533203125,13377.689453125,0.41504165530204773,0.5347222769632936,300,10
de,7,36570.17578125,13596.0869140625,0.30635228753089905,0.5265686083585024,300,10
de,8,31251.14453125,13871.5146484375,0.2707362771034241,0.5306584998033941,300,10
de,9,31915.9921875,13926.9892578125,0.5040332078933716,0.5273740920238197,300,10
de,10,15353.5361328125,13325.662109375,0.8334046602249146,0.5297793131321669,300,10
de,11,33963.28125,13455.1201171875,0.3286825716495514,0.527533998247236,300,10
de,12,25806.23828125,13439.6328125,0.5332518815994263,0.528580917045474,300,10
de,13,40406.15625,13718.484375,0.13793322443962097,0.5270118457265198,300,10
de,14,28494.57421875,13847.5146484375,0.4974627196788788,0.5275866962037981,300,10
de,15,28406.9375,13752.6328125,0.42286592721939087,0.5256816511973739,300,10
de,16,29565.314453125,13391.208984375,0.35019806027412415,0.529182265046984,300,10
de,17,22006.3671875,13493.310546875,0.5662226676940918,0.5223616366274655,300,10
de,18,29901.947265625,14432.623046875,0.48219916224479675,0.5245377663522959,300,10
de,19,22189.08203125,13628.1845703125,0.6512538194656372,0.5222488497383893,300,10
de,20,35389.41015625,13284.27734375,0.2632346749305725,0.5228242077864707,300,10
de,21,31021.18359375,13599.4130859375,0.3486664593219757,0.5230308100581169,300,10
de,22,28860.107421875,13369.17578125,0.44688162207603455,0.5229642638005316,300,10
de,23,29205.373046875,13639.322265625,0.4203634560108185,0.523258307017386,300,10
de,24,30798.40625,14766.7529296875,0.40255483984947205,0.5207539121620357,300,10
de,25,28888.49609375,13062.9765625,0.40212252736091614,0.5240283189341426,300,10
de,26,38587.8828125,13539.537109375,0.1009482741355896,0.5224356860853732,300,10
de,27,28511.72265625,13281.7783203125,0.41683343052864075,0.524860056117177,300,10
de,28,25236.998046875,13607.7666015625,0.5438894629478455,0.5223862701095641,300,10
de,29,34209.640625,13742.47265625,0.2851001024246216,0.5239175972528756,300,10
gwo,0,53181.84765625,17413.818359375,0.46187055110931396,0.578360672108829,300,10
gwo,1,34848.71875,16766.21484375,0.38692227005958557,0.5789614063687623,300,10
gwo,2,34509.84375,17220.740234375,0.2548845708370209,0.5712585519067943,300,10
gwo,3,47879.07421875,18135.962890625,0.4147091209888458,0.5791451539844275,300,10
gwo,4,86529.78125,17259.67578125,0.5336116552352905,0.5744818462990224,300,10
gwo,5,104526.28125,18575.87890625,0.2354763299226761,0.579565386287868,300,10
gwo,6,33436.63671875,18475.96875,0.41504165530204773,0.5798277454450727,300,10
gwo,7,72496.46875,17724.498046875,0.30635228753089905,0.5765677718445659,300,10
gwo,8,37588.578125,17717.53125,0.2220226526260376,0.5823228848166764,300,10
gwo,9,37944.734375,17643.76953125,0.486052930355072,0.57742506172508,300,10
gwo,10,102173.078125,19039.5703125,0.7796387076377869,0.5819929968565702,300,10
gwo,11,37678.953125,17104.0703125,0.3286825716495514,0.5782837700098753,300,10
gwo,12,42465.7734375,17906.884765625,0.5314010977745056,0.5774125540629029,300,10
gwo,13,42557.3046875,15882.8525390625,0.13836026191711426,0.5870134518481791,300,10
gwo,14,32737.58203125,16874.99609375,0.4557582139968872,0.5832111546769738,300,10
gwo,15,32968.6015625,17549.98828125,0.40167009830474854,0.5843556360341609,300,10
gwo,16,42979.5390625,17444.78125,0.3475455939769745,0.5830554682761431,300,10
gwo,17,26442.25390625,16837.8359375,0.5345903038978577,0.5757982269860804,300,10
gwo,18,34432.0859375,16582.814453125,0.40253567695617676,0.5716461078263819,300,10
gwo,19,25998.421875,16119.265625,0.6040787100791931,0.5716824340634048,300,10
gwo,20,46268.109375,17902.5,0.2632346749305725,0.5732461209408939,300,10
gwo,21,35493.21875,17261.8828125,0.34936991333961487,0.5754185877740383,300,10
gwo,22,36316.75390625,18020.384765625,0.44688162207603455,0.5756241758354008,300,10
gwo,23,36453.421875,17590.98828125,0.39241334795951843,0.5727723650634289,300,10
gwo,24,37309.4140625,17361.5,0.32931092381477356,0.5734785869717598,300,10
gwo,25,39661.0078125,17976.080078125,0.40212252736091614,0.5729327839799225,300,10
gwo,26,59789.04296875,18272.65625,0.1009482741355896,0.5718178823590279,300,10
gwo,27,54503.78125,16947.0703125,0.41683343052864075,0.5717716501094401,300,10
gwo,28,77933.609375,18731.41015625,0.5132187008857727,0.5763952205888927,300,10
gwo,29,240804.890625,18562.51171875,0.27823305130004883,0.5729416138492525,300,10
lshade,0,28360.337890625,12622.384765625,0.46187055110931396,1.69868467701599,300,10
lshade,1,26218.9375,12643.13671875,0.45917075872421265,1.6784225343726575,300,10
lshade,2,29913.44921875,12624.341796875,0.2548845708370209,1.6980109130963683,300,10
lshade,3,24301.57421875,12626.744140625,0.4147091209888458,1.7025824021548033,300,10
lshade,4,27720.763671875,12614.05859375,0.5336116552352905,1.7022633822634816,300,10
lshade,5,32580.306640625,12644.150390625,0.2354763299226761,1.6984647097997367,300,10
lshade,6,26939.806640625,12587.962890625,0.41504165530204773,1.6763668418861926,300,10
lshade,7,35565.78515625,12591.697265625,0.30635228753089905,1.675948390737176,300,10
lshade,8,30061.693359375,12670.31640625,0.2702433168888092,1.6797699881717563,300,10
lshade,9,31251.203125,12613.435546875,0.4861464500427246,1.6804320090450346,300,10
lshade,10,14609.4169921875,12581.54296875,0.8334046602249146,1.684085669927299,300,10
lshade,11,33138.28125,12630.1201171875,0.3286825716495514,1.702802195213735,300,10
lshade,12,25005.1796875,12638.5732421875,0.5332518815994263,1.6921895979903638,300,10
lshade,13,38651.8046875,12599.431640625,0.15845458209514618,1.6664740783162415,300,10
lshade,14,26893.48046875,12617.1435546875,0.5101820826530457,1.664900029078126,300,10
lshade,15,27279.314453125,12625.009765625,0.42286592721939087,1.6719046831130981,300,10
lshade,16,29569.228515625,12587.529296875,0.3177526891231537,1.6686578337103128,300,10
lshade,17,21132.8046875,12619.748046875,0.5662226676940918,1.6672963630408049,300,10
lshade,18,28752.123046875,12708.275390625,0.4629683196544647,1.668232835829258,300,10
lshade,19,21828.34375,12683.609375,0.6274699568748474,1.6705434531904757,300,10
lshade,20,34706.5625,12601.4296875,0.2632346749305725,1.6818443913944066,300,10
lshade,21,29922.921875,12614.7490234375,0.35291334986686707,1.6785255460999906,300,10
lshade,22,28075.28515625,12584.353515625,0.44688162207603455,1.6660185707733035,300,10
lshade,23,28217.34765625,12646.376953125,0.4201802611351013,1.6675227829255164,300,10
lshade,24,28644.9375,12635.5576171875,0.40338483452796936,1.670876560267061,300,10
lshade,25,28425.3515625,12599.830078125,0.40212252736091614,1.703362300992012,300,10
lshade,26,37633.30859375,12584.96484375,0.1009482741355896,1.686628363095224,300,10
lshade,27,27847.66796875,12617.724609375,0.41683343052864075,1.6659005363471806,300,10
lshade,28,23436.513671875,12609.63671875,0.5753586888313293,1.6842549177818,300,10
lshade,29,33073.91015625,12606.7421875,0.2851001024246216,1.6804101299494505,300,10
cmaes,0,28706.26171875,12968.3095703125,0.46187055110931396,1.9013159219175577,300,10
cmaes,1,26350.56640625,12774.767578125,0.45917075872421265,1.8196465861983597,300,10
cmaes,2,30087.8359375,12798.728515625,0.2548845708370209,1.8223711629398167,300,10
cmaes,3,24507.873046875,12833.041015625,0.4147091209888458,1.8212165660224855,300,10
cmaes,4,28143.0859375,13036.380859375,0.5336116552352905,1.8188750832341611,300,10
cmaes,5,33056.921875,13120.7666015625,0.2354763299226761,1.8179493327625096,300,10
cmaes,6,28124.384765625,13772.541015625,0.41504165530204773,1.817598547320813,300,10
cmaes,7,34691.515625,13166.98828125,0.35011836886405945,1.8100106553174555,300,10
cmaes,8,29261.353515625,13236.87890625,0.3275996446609497,1.811580351088196,300,10
cmaes,9,33380.9375,12884.6083984375,0.4349048137664795,1.812805786728859,300,10
cmaes,10,15001.8505859375,12973.9765625,0.8334046602249146,1.8116974490694702,300,10
cmaes,11,33479.75390625,12971.591796875,0.3286825716495514,1.8118099351413548,300,10
cmaes,12,25341.279296875,12974.673828125,0.5332518815994263,1.8222975991666317,300,10
cmaes,13,37603.49609375,12947.8671875,0.2035723477602005,1.8257567407563329,300,10
cmaes,14,27729.328125,13452.990234375,0.5101820826530457,1.8258684631437063,300,10
cmaes,15,27574.5859375,12920.28125,0.42286592721939087,1.8188263783231378,300,10
cmaes,16,26783.8828125,12839.08984375,0.439761757850647,1.8114067022688687,300,10
cmaes,17,21912.326171875,12778.4716796875,0.5345903038978577,1.8148400480858982,300,10
cmaes,18,28823.15234375,12810.755859375,0.46402108669281006,1.8156618620269,300,10
cmaes,19,22689.64453125,12970.708984375,0.6040787100791931,1.8155777947977185,300,10
cmaes,20,34971.78125,12866.6494140625,0.2632346749305725,1.8153152288869023,300,10
cmaes,21,29733.953125,13175.75,0.3809519410133362,1.8164365529082716,300,10
cmaes,22,28540.798828125,13049.8681640625,0.44688162207603455,1.8168832249939442,300,10
cmaes,23,29193.673828125,12877.0263671875,0.39241334795951843,1.8259399351663888,300,10
cmaes,24,28228.572265625,12934.0927734375,0.43002673983573914,1.833443942014128,300,10
cmaes,25,27391.76171875,12860.779296875,0.45102939009666443,1.8356350250542164,300,10
cmaes,26,38083.4296875,13035.0849609375,0.1009482741355896,1.837006309069693,300,10
cmaes,27,28281.16796875,13051.2255859375,0.41683343052864075,1.8368427301757038,300,10
cmaes,28,23626.64453125,12884.43359375,0.5786793828010559,1.8339042798615992,300,10
cmaes,29,33522.70703125,13055.5390625,0.2851001024246216,1.8263648538850248,300,10
greedy,0,2195476.0,40386.28515625,0.9052135944366455,0.09943722374737263,1,10
greedy,1,22237108.0,84451.078125,0.901012122631073,0.01076881168410182,1,10
greedy,2,9022808.0,58619.984375,1.0,0.010335606057196856,1,10
greedy,3,24633486.0,89216.40625,0.8799399137496948,0.0106857237406075,1,10
greedy,4,820672.4375,35481.328125,0.9980773329734802,0.010797832626849413,1,10
greedy,5,16850356.0,74195.21875,0.822253942489624,0.010975594632327557,1,10
greedy,6,7132148.0,54307.21875,0.9557009339332581,0.01081331493332982,1,10
greedy,7,18978364.0,79060.59375,0.9792764782905579,0.01053335377946496,1,10
greedy,8,40812076.0,117325.234375,1.0,0.010749137960374355,1,10
greedy,9,30455710.0,99488.3046875,0.9785467386245728,0.010477639269083738,1,10
greedy,10,3352931.75,43849.609375,1.0,0.010589757934212685,1,10
greedy,11,41807456.0,119469.796875,0.9987918734550476,0.010414077900350094,1,10
greedy,12,14098244.0,68592.6328125,0.968620240688324,0.010885451920330524,1,10
greedy,13,46460804.0,127336.3203125,0.8023922443389893,0.010249979328364134,1,10
greedy,14,40983508.0,118199.90625,0.8813840746879578,0.010467796120792627,1,10
greedy,15,6165512.5,51855.26171875,0.9711030721664429,0.010414937045425177,1,10
greedy,16,79615672.0,183579.671875,0.8747139573097229,0.010186898056417704,1,10
greedy,17,53893416.0,140229.9375,0.9553222060203552,0.010237822774797678,1,10
greedy,18,42101688.0,120288.546875,0.8739233016967773,0.010224163997918367,1,10
greedy,19,43959252.0,122978.359375,0.8862085938453674,0.010430824011564255,1,10
greedy,20,79911000.0,184225.765625,0.8934403657913208,0.010199836920946836,1,10
greedy,21,9555913.0,60088.671875,0.7233278155326843,0.010194066911935806,1,10
greedy,22,17565888.0,75688.171875,0.9235696792602539,0.010464051272720098,1,10
greedy,23,23770578.0,87283.140625,0.848656952381134,0.010442103259265423,1,10
greedy,24,27866618.0,94556.5546875,0.7743514776229858,0.010389741975814104,1,10
greedy,25,110567504.0,236849.0,1.0,0.010563903953880072,1,10
greedy,26,55324164.0,142964.09375,0.9092918038368225,0.010462342295795679,1,10
greedy,27,22596606.0,85135.609375,1.0,0.010374411009252071,1,10
greedy,28,45872892.0,126705.140625,0.936002254486084,0.010072444099932909,1,10
greedy,29,14636840.0,70641.1328125,0.942948043346405,0.010409472044557333,1,10
straight,0,28256.60546875,12518.6533203125,0.46187055110931396,0.006994565017521381,1,10
straight,1,29087.953125,12518.6533203125,0.3399164378643036,0.00725486408919096,1,10
straight,2,29807.76171875,12518.6533203125,0.2548845708370209,0.00713952723890543,1,10
straight,3,24193.484375,12518.6533203125,0.4147091209888458,0.007049996871501207,1,10
straight,4,27625.359375,12518.6533203125,0.5336116552352905,0.007167177274823189,1,10
straight,5,32454.80859375,12518.6533203125,0.2354763299226761,0.0071474406868219376,1,10
straight,6,26870.49609375,12518.6533203125,0.41504165530204773,0.007126335985958576,1,10
straight,7,35492.7421875,12518.6533203125,0.30635228753089905,0.007012801710516214,1,10
straight,8,31059.21484375,12518.6533203125,0.2220226526260376,0.0071136122569441795,1,10
straight,9,31819.9296875,12518.6533203125,0.4678530991077423,0.007072879932820797,1,10
straight,10,15200.9912109375,12518.6533203125,0.7796387076377869,0.006955024320632219,1,10
straight,11,33026.81640625,12518.6533203125,0.3286825716495514,0.007091409061104059,1,10
straight,12,25517.755859375,12518.6533203125,0.5093798041343689,0.007028601132333279,1,10
straight,13,39779.08203125,12518.6533203125,0.11943195015192032,0.007225646171718836,1,10
straight,14,28368.65234375,12518.6533203125,0.4561900496482849,0.006967082154005766,1,10
straight,15,27172.95703125,12518.6533203125,0.42286592721939087,0.007149882148951292,1,10
straight,16,29500.3515625,12518.6533203125,0.3177526891231537,0.007071951869875193,1,10
straight,17,21652.5078125,12518.6533203125,0.5345903038978577,0.007032406982034445,1,10
straight,18,29779.17578125,12518.6533203125,0.4222428500652313,0.007322050165385008,1,10
straight,19,22237.5859375,12518.6533203125,0.6040787100791931,0.007059962023049593,1,10
straight,20,34623.78515625,12518.6533203125,0.2632346749305725,0.006994506809860468,1,10
straight,21,29964.171875,12518.6533203125,0.3477786183357239,0.007080811075866222,1,10
straight,22,28009.5859375,12518.6533203125,0.44688162207603455,0.0069764950312674046,1,10
straight,23,28835.30078125,12518.6533203125,0.39241334795951843,0.007070992141962051,1,10
straight,24,30479.26171875,12518.6533203125,0.330669105052948,0.0070488122291862965,1,10
straight,25,28344.173828125,12518.6533203125,0.40212252736091614,0.007084552198648453,1,10
straight,26,37566.99609375,12518.6533203125,0.1009482741355896,0.007014593109488487,1,10
straight,27,27748.59765625,12518.6533203125,0.41683343052864075,0.007000558543950319,1,10
straight,28,24145.16796875,12518.6533203125,0.5439961552619934,0.007077873218804598,1,10
straight,29,33855.3046875,12518.6533203125,0.25472983717918396,0.0071003190241754055,1,10
qipso,0,50768.421875,15259.517578125,0.31881770491600037,0.5475552259013057,300,20
qipso,1,57849.046875,14526.935546875,0.258894145488739,0.5416437401436269,300,20
qipso,2,57884.48046875,14834.427734375,0.339983195066452,0.5428497740067542,300,20
qipso,3,52520.28515625,14282.5234375,0.34739425778388977,0.5496705742552876,300,20
qipso,4,52411.203125,14852.7705078125,0.40424802899360657,0.5408226861618459,300,20
qipso,5,59103.4609375,14168.9130859375,0.2947593331336975,0.541922957636416,300,20
qipso,6,51953.55859375,15181.9482421875,0.3829099237918854,0.543418288230896,300,20
qipso,7,50414.08984375,15811.6708984375,0.4001941680908203,0.5501816528849304,300,20
qipso,8,55487.03515625,14914.361328125,0.34153279662132263,0.5497596398927271,300,20
qipso,9,53292.52734375,16070.900390625,0.33886098861694336,0.5527690090239048,300,20
qipso,10,44723.109375,15832.0146484375,0.5244804620742798,0.549357530195266,300,20
qipso,11,56289.90625,13995.416015625,0.19823729991912842,0.5498970709741116,300,20
qipso,12,54284.625,14611.380859375,0.3529491424560547,0.5522448290139437,300,20
qipso,13,68906.546875,14429.552734375,0.10978370904922485,0.548206833191216,300,20
qipso,14,55709.359375,15160.9970703125,0.34362107515335083,0.54788538813591,300,20
qipso,15,53100.9921875,14198.689453125,0.2399437427520752,0.5513215460814536,300,20
qipso,16,50069.171875,14562.578125,0.3171410858631134,0.5510507058352232,300,20
qipso,17,49580.92578125,16139.2578125,0.3935469388961792,0.5536276521161199,300,20
qipso,18,54006.3984375,15211.783203125,0.2760320007801056,0.5497838887386024,300,20
qipso,19,40603.84375,15476.310546875,0.4489136040210724,0.5478834169916809,300,20
qipso,20,60281.6015625,17143.00390625,0.2249639928340912,0.5439829020760953,300,20
qipso,21,56644.0234375,15533.4580078125,0.3517674207687378,0.5512366141192615,300,20
qipso,22,48856.73046875,14229.8251953125,0.27581310272216797,0.5445025078952312,300,20
qipso,23,50739.33984375,14416.06640625,0.30668455362319946,0.5497833290137351,300,20
qipso,24,48560.6953125,16132.9169921875,0.38352686166763306,0.547564938198775,300,20
qipso,25,52115.0234375,15343.6162109375,0.28784772753715515,0.5494323722086847,300,20
qipso,26,58150.375,16433.431640625,0.20852388441562653,0.5468557621352375,300,20
qipso,27,49125.9921875,15273.474609375,0.33327752351760864,0.550529673229903,300,20
qipso,28,39848.0,15090.119140625,0.49083754420280457,0.54850471066311,300,20
qipso,29,52299.6875,17136.98046875,0.2937255799770355,0.5477049960754812,300,20
qipsode,0,49543.6484375,13461.890625,0.30782827734947205,0.631079685408622,300,20
qipsode,1,56820.375,13498.263671875,0.258894145488739,0.6230653552338481,300,20
qipsode,2,58151.0234375,13714.8828125,0.31873252987861633,0.6268682437948883,300,20
qipsode,3,52191.171875,13802.267578125,0.3448147177696228,0.626264575868845,300,20
qipsode,4,52507.5859375,13444.396484375,0.3803795874118805,0.6250773640349507,300,20
qipsode,5,58208.984375,13274.4375,0.2947593331336975,0.633403493091464,300,20
qipsode,6,50065.39453125,13298.64453125,0.3829099237918854,0.6180320582352579,300,20
qipsode,7,49040.109375,13252.48828125,0.37964949011802673,0.6194363106042147,300,20
qipsode,8,53659.29296875,14587.1474609375,0.3658854067325592,0.6259505753405392,300,20
qipsode,9,50833.4765625,13636.0224609375,0.33886098861694336,0.6201143721118569,300,20
qipsode,10,44267.2421875,13822.365234375,0.4985078275203705,0.6177383027970791,300,20
qipsode,11,55848.109375,13553.619140625,0.19823729991912842,0.6184549028985202,300,20
qipsode,12,53816.53125,13513.82421875,0.3426828980445862,0.6196115291677415,300,20
qipsode,13,67908.265625,13431.2685546875,0.10978370904922485,0.6267163860611618,300,20
qipsode,14,54723.2578125,13963.958984375,0.3402063846588135,0.6241906760260463,300,20
qipsode,15,53307.375,13699.5517578125,0.22615946829319,0.6204256247729063,300,20
qipsode,16,50657.62109375,13768.03125,0.29054343700408936,0.62088139122352,300,20
qipsode,17,47579.16796875,14278.23828125,0.3960992693901062,0.6290458738803864,300,20
qipsode,18,51854.04296875,14275.71484375,0.298279732465744,0.621734983753413,300,20
qipsode,19,40834.80859375,14559.9375,0.4237506687641144,0.6252545681782067,300,20
qipsode,20,56785.52734375,13714.5615234375,0.2261791229248047,0.6304214992560446,300,20
qipsode,21,54345.4140625,13246.005859375,0.35194334387779236,0.632106342818588,300,20
qipsode,22,47890.76953125,13263.86328125,0.27581310272216797,0.6287535382434726,300,20
qipsode,23,49178.609375,13596.9345703125,0.32083961367607117,0.6219327920116484,300,20
qipsode,24,49506.82421875,14124.5673828125,0.32736024260520935,0.6170257870107889,300,20
qipsode,25,50819.25,14201.73828125,0.2908281683921814,0.6197181046009064,300,20
qipsode,26,55232.87890625,13833.8203125,0.21455487608909607,0.617041353136301,300,20
qipsode,27,48665.859375,13999.1669921875,0.3172423243522644,0.6166482111439109,300,20
qipsode,28,40946.9375,14442.818359375,0.45492488145828247,0.6192240864038467,300,20
qipsode,29,51407.76953125,13546.34375,0.23898403346538544,0.6216386719606817,300,20
pso,0,49838.6640625,14330.0146484375,0.31882256269454956,0.47155115474015474,300,20
pso,1,58002.640625,14680.533203125,0.258894145488739,0.47066922346130013,300,20
pso,2,57935.6640625,14881.8232421875,0.3399251401424408,0.4695440619252622,300,20
pso,3,53532.171875,14509.8408203125,0.3340039849281311,0.47125890478491783,300,20
pso,4,52857.4375,13794.244140625,0.3803795874118805,0.4766640760935843,300,20
pso,5,58817.8828125,13883.337890625,0.2947593331336975,0.4744711620733142,300,20
pso,6,50050.28125,13283.5341796875,0.3829099237918854,0.47636434296146035,300,20
pso,7,50688.34765625,14172.1611328125,0.3670204281806946,0.4766620211303234,300,20
pso,8,53485.0625,14304.595703125,0.36609312891960144,0.4799807430244982,300,20
pso,9,52317.9140625,15120.4609375,0.33886098861694336,0.4696768573485315,300,20
pso,10,45378.6953125,14818.53515625,0.4966088533401489,0.47262564301490784,300,20
pso,11,56468.484375,14173.998046875,0.19823729991912842,0.4710450582206249,300,20
pso,12,55228.0078125,14925.30078125,0.3426828980445862,0.4706400278955698,300,20
pso,13,68755.6328125,14853.08203125,0.11917074024677277,0.46928895683959126,300,20
pso,14,55593.8046875,15652.583984375,0.35344913601875305,0.47385705076158047,300,20
pso,15,53500.34765625,13889.203125,0.22619634866714478,0.47669717902317643,300,20
pso,16,50594.0,14350.220703125,0.30296361446380615,0.47304170206189156,300,20
pso,17,49650.3515625,15754.462890625,0.3853098452091217,0.4709885809570551,300,20
pso,18,53046.4609375,16142.716796875,0.31087660789489746,0.47204389329999685,300,20
pso,19,41315.125,15607.828125,0.43619850277900696,0.47967999801039696,300,20
pso,20,57523.9609375,14452.9970703125,0.2261791229248047,0.48119943076744676,300,20
pso,21,54780.9921875,13677.4541015625,0.35187816619873047,0.4716850919649005,300,20
pso,22,48438.92578125,13812.0205078125,0.27581310272216797,0.4741464499384165,300,20
pso,23,50738.5,14910.515625,0.31613829731941223,0.47152384277433157,300,20
pso,24,49167.5625,15291.5390625,0.35599473118782043,0.4795832051895559,300,20
pso,25,53066.53125,15872.892578125,0.27967023849487305,0.4740759199485183,300,20
pso,26,55943.33203125,14230.796875,0.20860745012760162,0.4750520819798112,300,20
pso,27,48860.5078125,13610.4716796875,0.3057534396648407,0.47364414343610406,300,20
pso,28,41577.9140625,14755.220703125,0.4483732283115387,0.47492371732369065,300,20
pso,29,51891.30859375,14803.53515625,0.2545344829559326,0.4767178720794618,300,20
ga,0,85617.296875,19996.81640625,0.3201526701450348,0.5664275521412492,300,20
ga,1,81094.296875,18670.087890625,0.258894145488739,0.5658998200669885,300,20
ga,2,73792.65625,18921.34765625,0.324855774641037,0.5624123690649867,300,20
ga,3,90789.2734375,20274.041015625,0.31843817234039307,0.5638920636847615,300,20
ga,4,96480.28125,19489.935546875,0.3803795874118805,0.5673312870785594,300,20
ga,5,67676.453125,18882.13671875,0.2947593331336975,0.5649295188486576,300,20
ga,6,104577.0546875,19656.275390625,0.3829099237918854,0.567032418679446,300,20
ga,7,102077.3828125,19002.3671875,0.37986817955970764,0.5643938225694001,300,20
ga,8,63086.08984375,18504.48828125,0.2937453091144562,0.5662957578897476,300,20
ga,9,122930.1875,19197.962890625,0.33886098861694336,0.5668298229575157,300,20
ga,10,87443.5,19941.11328125,0.4726217985153198,0.5628587673418224,300,20
ga,11,124438.234375,20005.673828125,0.19823729991912842,0.5615858440287411,300,20
ga,12,67973.453125,18467.63671875,0.32972338795661926,0.5625866902992129,300,20
ga,13,93876.046875,18496.392578125,0.10978370904922485,0.5656776349060237,300,20
ga,14,75495.65625,19078.521484375,0.32391300797462463,0.5628348961472511,300,20
ga,15,88844.0859375,18239.67578125,0.21297679841518402,0.5593623770400882,300,20
ga,16,93592.796875,19525.7578125,0.2762947678565979,0.5626567178405821,300,20
ga,17,84183.765625,18488.0625,0.37246933579444885,0.5644774767570198,300,20
ga,18,77704.09375,19014.328125,0.2663086950778961,0.5662272716872394,300,20
ga,19,65890.5859375,18833.5546875,0.3856208324432373,0.5625880900770426,300,20
ga,20,71369.75,18351.9453125,0.2242419272661209,0.5653371103107929,300,20
ga,21,110236.625,19350.5078125,0.3519497811794281,0.5630275467410684,300,20
ga,22,93605.296875,20024.9765625,0.27581310272216797,0.5667242119088769,300,20
ga,23,95205.859375,19692.107421875,0.31613829731941223,0.5709024840034544,300,20
ga,24,85916.1484375,19519.83984375,0.3327544927597046,0.5721710030920804,300,20
ga,25,77729.7578125,19288.16015625,0.2880967855453491,0.5692793782800436,300,20
ga,26,96959.03125,19181.236328125,0.19775189459323883,0.5715358597226441,300,20
ga,27,88257.71875,19358.55859375,0.3059445023536682,0.5775764063000679,300,20
ga,28,80784.3671875,19414.767578125,0.43001651763916016,0.573352166917175,300,20
ga,29,92404.3359375,19784.861328125,0.26306626200675964,0.5698132221587002,300,20
de,0,50112.91796875,14029.8544921875,0.30780330300331116,0.5109173567034304,300,20
de,1,56673.5546875,13351.4453125,0.258894145488739,0.5130476886406541,300,20
de,2,57347.6953125,13524.427734375,0.32812875509262085,0.5144996512681246,300,20
de,3,52202.84765625,13847.6640625,0.3453902304172516,0.5121344728395343,300,20
de,4,52378.19140625,13315.0009765625,0.3803795874118805,0.5136448917910457,300,20
de,5,59465.43359375,13581.2880859375,0.27985554933547974,0.514897471293807,300,20
de,6,50197.84375,13431.09375,0.3829099237918854,0.5128190321847796,300,20
de,7,48856.2265625,14395.576171875,0.40265148878097534,0.5153123810887337,300,20
de,8,54470.5859375,14711.763671875,0.3547411262989044,0.5129229193553329,300,20
de,9,50633.5859375,13436.130859375,0.33886098861694336,0.526944684330374,300,20
de,10,43855.1640625,13423.853515625,0.4987313151359558,0.5182157326489687,300,20
de,11,55749.609375,13455.1201171875,0.19823729991912842,0.5171809759922326,300,20
de,12,54251.51953125,13935.10546875,0.3424593508243561,0.5195150668732822,300,20
de,13,67764.640625,13287.642578125,0.10978370904922485,0.5264420681633055,300,20
de,14,53780.90234375,14269.5205078125,0.36040714383125305,0.524945461191237,300,20
de,15,52777.0,14586.8759765625,0.25418177247047424,0.5241379039362073,300,20
de,16,49633.0859375,13497.900390625,0.30505213141441345,0.5238591111265123,300,20
de,17,47047.328125,13596.779296875,0.3933858871459961,0.5140751791186631,300,20
de,18,52322.59375,14228.107421875,0.2886413335800171,0.5214444110170007,300,20
de,19,40583.3203125,13728.861328125,0.41103944182395935,0.5223931199871004,300,20
de,20,56355.2421875,13284.27734375,0.2261791229248047,0.5243101269006729,300,20
de,21,54907.9140625,14531.9775390625,0.3633510172367096,0.5223343558609486,300,20
de,22,48012.76171875,13385.85546875,0.27581310272216797,0.5127726951614022,300,20
de,23,48873.890625,13795.548828125,0.3304470181465149,0.5200673257932067,300,20
de,24,49255.484375,13843.4931640625,0.32679489254951477,0.517577248159796,300,20
de,25,49591.2734375,13619.873046875,0.3033413589000702,0.5172293586656451,300,20
de,26,55706.4453125,13991.4873046875,0.208561509847641,0.5204408252611756,300,20
de,27,47952.2890625,13955.4306640625,0.33043473958969116,0.5180592588149011,300,20
de,28,40190.78125,14170.46875,0.4648747742176056,0.5215807645581663,300,20
de,29,49954.90625,13860.353515625,0.27449831366539,0.51830421295017,300,20
gwo,0,73806.734375,17413.818359375,0.3024362027645111,0.5674780141562223,300,20
gwo,1,62781.45703125,16766.21484375,0.258894145488739,0.5626695631071925,300,20
gwo,2,61511.30859375,17210.41796875,0.3211624324321747,0.5652376660145819,300,20
gwo,3,76590.640625,18135.962890625,0.3107234239578247,0.5588955520652235,300,20
gwo,4,110076.34375,17258.1015625,0.3922080397605896,0.5608371919952333,300,20
gwo,5,129713.0,18575.87890625,0.2918035089969635,0.5579853081144392,300,20
gwo,6,55851.54296875,18475.96875,0.3829099237918854,0.5630206973291934,300,20
gwo,7,86040.828125,17724.498046875,0.36698129773139954,0.5607133209705353,300,20
gwo,8,61249.31640625,17717.53125,0.31510129570961,0.5613088239915669,300,20
gwo,9,56501.015625,17643.771484375,0.33886098861694336,0.559686167165637,300,20
gwo,10,131650.546875,19039.5703125,0.4702591598033905,0.5589881469495595,300,20
gwo,11,59465.28125,17104.0703125,0.19823729991912842,0.5613754619844258,300,20
gwo,12,64788.81640625,17693.478515625,0.3291855752468109,0.5607681977562606,300,20
gwo,13,70359.8515625,15882.8525390625,0.10978370904922485,0.5641059060581028,300,20
gwo,14,58650.55078125,16874.99609375,0.3237557113170624,0.5639906749129295,300,20
gwo,15,57373.1015625,17549.98828125,0.22637103497982025,0.5644166697748005,300,20
gwo,16,63676.234375,17444.78125,0.2896350026130676,0.5665247379802167,300,20
gwo,17,51337.2578125,16837.8359375,0.3828985095024109,0.5652464688755572,300,20
gwo,18,56944.109375,16578.033203125,0.24622271955013275,0.5629686010070145,300,20
gwo,19,43709.453125,16119.265625,0.3984176814556122,0.5612683640792966,300,20
gwo,20,67305.9921875,17902.5,0.22488459944725037,0.5630776388570666,300,20
gwo,21,59948.6015625,17261.8828125,0.3399765193462372,0.5623230538330972,300,20
gwo,22,55452.7265625,18020.384765625,0.27581310272216797,0.5712840100750327,300,20
gwo,23,57073.953125,17590.98828125,0.29496675729751587,0.5659647630527616,300,20
gwo,24,56309.6328125,17406.52734375,0.2951400578022003,0.5635307212360203,300,20
gwo,25,61020.53515625,17976.080078125,0.2798367440700531,0.5696604228578508,300,20
gwo,26,77019.046875,18272.65625,0.19787262380123138,0.5751220677047968,300,20
gwo,27,73901.875,16947.0703125,0.31800365447998047,0.5693211019970477,300,20
gwo,28,93679.140625,18712.810546875,0.4204287528991699,0.5693045980297029,300,20
gwo,29,258002.546875,18562.51171875,0.23898403346538544,0.5723565081134439,300,20
lshade,0,48153.0078125,12656.923828125,0.31906354427337646,1.669998792000115,300,20
lshade,1,55943.8359375,12621.7265625,0.258894145488739,1.6752960560843349,300,20
lshade,2,57065.30078125,12611.6142578125,0.318463534116745,1.684043810237199,300,20
lshade,3,51694.125,12679.09765625,0.33412864804267883,1.6642424468882382,300,20
lshade,4,51667.35546875,12604.1640625,0.3803795874118805,1.6579542588442564,300,20
lshade,5,57769.04296875,12652.49609375,0.2919028401374817,1.6374926301650703,300,20
lshade,6,49357.328125,12590.580078125,0.3829099237918854,1.6369840800762177,300,20
lshade,7,48478.4375,12670.9189453125,0.37930458784103394,1.6404190962202847,300,20
lshade,8,53016.0546875,12671.9599609375,0.34524253010749817,1.6664235941134393,300,20
lshade,9,49819.29296875,12621.8408203125,0.33886098861694336,1.6683606919832528,300,20
lshade,10,43098.0234375,12656.794921875,0.4985678791999817,1.647781697101891,300,20
lshade,11,54934.1640625,12639.6767578125,0.19823729991912842,1.6744581428356469,300,20
lshade,12,52927.1875,12624.478515625,0.3426828980445862,1.6730909859761596,300,20
lshade,13,67068.6171875,12591.6220703125,0.10978370904922485,1.6663426388986409,300,20
lshade,14,53984.5625,12646.384765625,0.33083575963974,1.669054134748876,300,20
lshade,15,52290.8203125,12718.326171875,0.22684982419013977,1.6689625740982592,300,20
lshade,16,48784.04296875,12648.4931640625,0.30504509806632996,1.6679730769246817,300,20
lshade,17,46670.5625,12644.76171875,0.38295385241508484,1.6759241479448974,300,20
lshade,18,51394.21875,12623.0283203125,0.276004821062088,1.6669125040061772,300,20
lshade,19,40631.02734375,12617.5732421875,0.3856208324432373,1.6565134110860527,300,20
lshade,20,55661.67578125,12590.7109375,0.2261791229248047,1.657752902712673,300,20
lshade,21,53716.625,12613.37890625,0.35188278555870056,1.6685063131153584,300,20
lshade,22,47226.83984375,12599.93359375,0.27581310272216797,1.66529385978356,300,20
lshade,23,48318.5,12730.404296875,0.3207172155380249,1.6678406712599099,300,20
lshade,24,48003.2109375,12673.3955078125,0.32835718989372253,1.6685850750654936,300,20
lshade,25,48796.3203125,12758.2470703125,0.3020501136779785,1.6673882850445807,300,20
lshade,26,54301.96875,12622.560546875,0.20923596620559692,1.6565826670266688,300,20
lshade,27,46733.1796875,12735.990234375,0.3304281532764435,1.6703599682077765,300,20
lshade,28,38706.58984375,12591.693359375,0.46292954683303833,1.6632961691357195,300,20
lshade,29,48828.9375,12720.529296875,0.27421972155570984,1.6433223062194884,300,20
cmaes,0,47816.7578125,12974.666015625,0.33160942792892456,1.8378482880070806,300,20
cmaes,1,54726.12109375,12857.40625,0.28375712037086487,1.8337508630938828,300,20
cmaes,2,58071.08203125,13126.73828125,0.3109411299228668,1.829435938037932,300,20
cmaes,3,50934.10546875,12916.4501953125,0.35115087032318115,1.8335577170364559,300,20
cmaes,4,49150.3046875,13184.724609375,0.4295139014720917,1.8194796959869564,300,20
cmaes,5,57532.6796875,13097.255859375,0.30259305238723755,1.837215546052903,300,20
cmaes,6,49997.3046875,12973.6240234375,0.3785974681377411,1.8488716981373727,300,20
cmaes,7,48982.5390625,13108.2734375,0.37814760208129883,1.8433209997601807,300,20
cmaes,8,50923.93359375,14023.4609375,0.40113016963005066,1.8392765591852367,300,20
cmaes,9,50230.15625,13032.701171875,0.33886098861694336,1.828762131743133,300,20
cmaes,10,42728.93359375,13100.0517578125,0.5119490027427673,1.8347202227450907,300,20
cmaes,11,55266.078125,12971.591796875,0.19823729991912842,1.8445218498818576,300,20
cmaes,12,53217.33984375,12914.6337890625,0.3426828980445862,1.8477852940559387,300,20
cmaes,13,62862.84375,13044.3232421875,0.18590839207172394,1.8406235543079674,300,20
cmaes,14,54100.671875,13552.310546875,0.34362107515335083,1.8368584872223437,300,20
cmaes,15,51847.53125,12961.9970703125,0.24027128517627716,1.8360230210237205,300,20
cmaes,16,44816.7109375,12907.302734375,0.3863217830657959,1.8339250469580293,300,20
cmaes,17,44549.75,13224.33984375,0.43192461133003235,1.8323296490125358,300,20
cmaes,18,47917.1171875,12753.744140625,0.3433755934238434,1.8345639049075544,300,20
cmaes,19,39135.25,13790.15625,0.4441421926021576,1.8351995409466326,300,20
cmaes,20,55878.09765625,12807.1318359375,0.2261791229248047,1.8349863728508353,300,20
cmaes,21,53419.234375,13573.79296875,0.3717159032821655,1.8365128901787102,300,20
cmaes,22,46276.71484375,13040.05078125,0.3048887252807617,1.8357905386947095,300,20
cmaes,23,48183.1328125,13359.859375,0.33531561493873596,1.8359399777837098,300,20
cmaes,24,48320.0546875,12947.685546875,0.3275482654571533,1.8649552119895816,300,20
cmaes,25,49555.2265625,12800.712890625,0.2881748080253601,1.844538627192378,300,20
cmaes,26,53239.6015625,13030.21484375,0.2371259480714798,1.8459234652109444,300,20
cmaes,27,47804.60546875,13175.58203125,0.3179842531681061,1.840881699230522,300,20
cmaes,28,39064.75,13142.2705078125,0.4668866991996765,1.866599164903164,300,20
cmaes,29,45650.9921875,13204.2109375,0.34781861305236816,1.8446132182143629,300,20
greedy,0,114888216.0,243630.734375,0.8275704979896545,0.01246454892680049,1,20
greedy,1,147215600.0,300528.34375,0.6840035915374756,0.012214255053550005,1,20
greedy,2,73390384.0,173177.765625,0.6945160627365112,0.012204437050968409,1,20
greedy,3,151122304.0,307131.8125,0.7606518268585205,0.012022147886455059,1,20
greedy,4,62189460.0,153864.6875,0.6312783360481262,0.012371915392577648,1,20
greedy,5,84533952.0,192616.296875,0.6887364983558655,0.012381858192384243,1,20
greedy,6,134130560.0,276724.8125,0.7722421884536743,0.012188178952783346,1,20
greedy,7,177330240.0,353106.5625,0.7116334438323975,0.01221393421292305,1,20
greedy,8,144686944.0,295346.75,0.7978531122207642,0.012214465998113155,1,20
greedy,9,100217360.0,218576.0,0.7490308284759521,0.01234194589778781,1,20
greedy,10,120421840.0,252804.875,0.6902756094932556,0.01210264302790165,1,20
greedy,11,97869912.0,215049.59375,0.724609911441803,0.01234113099053502,1,20
greedy,12,66273280.0,161065.78125,0.7189841270446777,0.012605624739080667,1,20
greedy,13,139347008.0,286296.1875,0.7136223316192627,0.01215447811409831,1,20
greedy,14,210627024.0,413378.28125,0.7457007765769958,0.012129834853112698,1,20
greedy,15,60959028.0,150822.71875,0.7167924642562866,0.01253034407272935,1,20
greedy,16,224228352.0,438129.96875,0.7454962134361267,0.012135277036577463,1,20
greedy,17,273110400.0,528712.875,0.724212646484375,0.012127673253417015,1,20
greedy,18,143503648.0,293364.28125,0.7311597466468811,0.012347038835287094,1,20
greedy,19,58027208.0,146536.0625,0.8353146314620972,0.01248049084097147,1,20
greedy,20,208390688.0,408817.40625,0.727126955986023,0.012293051928281784,1,20
greedy,21,147424336.0,300074.53125,0.6743693947792053,0.012222789693623781,1,20
greedy,22,92378696.0,205569.71875,0.8667374849319458,0.012160327285528183,1,20
greedy,23,79999048.0,184264.9375,0.783474862575531,0.012353019323199987,1,20
greedy,24,95339736.0,209593.203125,0.777502179145813,0.012444361113011837,1,20
greedy,25,140152736.0,288026.9375,0.7489902973175049,0.012194830924272537,1,20
greedy,26,61780864.0,152477.734375,0.7332689166069031,0.01233083801344037,1,20
greedy,27,115098320.0,244852.0625,0.7508625388145447,0.012263703625649214,1,20
greedy,28,131849040.0,273016.625,0.7873925566673279,0.012077248189598322,1,20
greedy,29,69955344.0,166711.296875,0.7552264332771301,0.012319881934672594,1,20
straight,0,49490.3359375,12518.6533203125,0.290756493806839,0.007218658924102783,1,20
straight,1,55840.76171875,12518.6533203125,0.258894145488739,0.00722427386790514,1,20
straight,2,56978.921875,12518.6533203125,0.31836262345314026,0.0072698406875133514,1,20
straight,3,52903.6796875,12518.6533203125,0.3107467591762543,0.007245631422847509,1,20
straight,4,51581.84375,12518.6533203125,0.3803795874118805,0.0072417003102600574,1,20
straight,5,57653.7265625,12518.6533203125,0.29161208868026733,0.007323967758566141,1,20
straight,6,49285.40234375,12518.6533203125,0.3829099237918854,0.00731766689568758,1,20
straight,7,49782.56640625,12518.6533203125,0.3540591299533844,0.007216989062726498,1,20
straight,8,55482.94140625,12518.6533203125,0.30271852016448975,0.007321454118937254,1,20
straight,9,49716.10546875,12518.6533203125,0.33886098861694336,0.007273021619766951,1,20
straight,10,45447.53125,12518.6533203125,0.4575909674167633,0.007262228988111019,1,20
straight,11,54813.140625,12518.6533203125,0.19823729991912842,0.00724671920761466,1,20
straight,12,53597.69140625,12518.6533203125,0.33002132177352905,0.007271873764693737,1,20
straight,13,66995.6484375,12518.6533203125,0.10978370904922485,0.007328437175601721,1,20
straight,14,54873.61328125,12518.6533203125,0.314376562833786,0.007236628793179989,1,20
straight,15,52801.21484375,12518.6533203125,0.21297679841518402,0.00724146980792284,1,20
straight,16,50192.7890625,12518.6533203125,0.27545514702796936,0.007263581268489361,1,20
straight,17,47122.60546875,12518.6533203125,0.37246933579444885,0.007116330321878195,1,20
straight,18,52483.02734375,12518.6533203125,0.2537238299846649,0.007279972080141306,1,20
straight,19,40532.10546875,12518.6533203125,0.3856208324432373,0.007215385790914297,1,20
straight,20,55589.6171875,12518.6533203125,0.2261791229248047,0.0073504201136529446,1,20
straight,21,53706.74609375,12518.6533203125,0.35054489970207214,0.007345838006585836,1,20
straight,22,47145.55859375,12518.6533203125,0.27581310272216797,0.007291099987924099,1,20
straight,23,49455.828125,12518.6533203125,0.29496675729751587,0.007321223150938749,1,20
straight,24,49668.08203125,12518.6533203125,0.2937650978565216,0.007187787909060717,1,20
straight,25,49721.45703125,12518.6533203125,0.2794927656650543,0.0072187636978924274,1,20
straight,26,54824.34375,12518.6533203125,0.197353795170784,0.007316250819712877,1,20
straight,27,49106.75390625,12518.6533203125,0.27940040826797485,0.007264977786689997,1,20
straight,28,39443.37109375,12518.6533203125,0.446274995803833,0.007225691806524992,1,20
straight,29,50380.078125,12518.6533203125,0.23898403346538544,0.007188130170106888,1,20
qipso,0,113074.1875,15523.01953125,0.2564540505409241,0.5668302699923515,300,50
qipso,1,128533.515625,15413.203125,0.2678169906139374,0.5709674758836627,300,50
qipso,2,114539.90625,13997.658203125,0.2743730843067169,0.5687630157917738,300,50
qipso,3,126954.890625,15406.7763671875,0.14243356883525848,0.5660272953100502,300,50
qipso,4,119147.2578125,15131.7548828125,0.2893856167793274,0.5670125940814614,300,50
qipso,5,118420.3515625,15203.2587890625,0.17882974445819855,0.5669391499832273,300,50
qipso,6,134268.546875,14643.111328125,0.1834668219089508,0.5680717639625072,300,50
qipso,7,105946.59375,16491.509765625,0.2861059904098511,0.5669347462244332,300,50
qipso,8,121911.125,14871.1259765625,0.20468966662883759,0.5669462671503425,300,50
qipso,9,128485.7421875,16907.373046875,0.20552249252796173,0.5692110206000507,300,50
qipso,10,119286.984375,16974.21484375,0.2663211226463318,0.5654422133229673,300,50
qipso,11,118960.8984375,15777.5244140625,0.2630136013031006,0.5656744767911732,300,50
qipso,12,113138.2265625,14884.154296875,0.2704278230667114,0.5679169381037354,300,50
qipso,13,125370.0390625,17341.615234375,0.23461489379405975,0.5660707261413336,300,50
qipso,14,120533.25,15578.658203125,0.1898270696401596,0.5673566209152341,300,50
qipso,15,123964.2890625,14288.1826171875,0.21030576527118683,0.5656903027556837,300,50
qipso,16,132014.96875,15564.2578125,0.23705139756202698,0.5678818272426724,300,50
qipso,17,102397.34375,15658.94140625,0.26122960448265076,0.5652572349645197,300,50
qipso,18,122944.4296875,15100.1962890625,0.27086931467056274,0.5648729428648949,300,50
qipso,19,102016.84375,15083.7958984375,0.3698829412460327,0.5647351606748998,300,50
qipso,20,133789.0625,17474.6953125,0.15531256794929504,0.5684206923469901,300,50
qipso,21,139025.015625,15864.2216796875,0.23918715119361877,0.5654114941135049,300,50
qipso,22,126868.9375,15999.52734375,0.18645095825195312,0.5643069171346724,300,50
qipso,23,126813.4921875,16626.96875,0.21083274483680725,0.586050596088171,300,50
qipso,24,133740.6875,16191.408203125,0.22320105135440826,0.564841837156564,300,50
qipso,25,107393.1640625,16176.837890625,0.2702394723892212,0.5670882719568908,300,50
qipso,26,135768.421875,17541.474609375,0.19949987530708313,0.5641771419905126,300,50
qipso,27,119429.09375,16397.40234375,0.20129939913749695,0.5675545963458717,300,50
qipso,28,109054.875,15204.537109375,0.24576613306999207,0.5657913130708039,300,50
qipso,29,131428.4375,15531.6318359375,0.21479091048240662,0.564257166814059,300,50
qipsode,0,113121.21875,14034.484375,0.2447497546672821,0.6488584280014038,300,50
qipsode,1,128657.7421875,14635.689453125,0.26198041439056396,0.648970752954483,300,50
qipsode,2,114799.15625,14624.912109375,0.27702903747558594,0.6525393459014595,300,50
qipsode,3,125391.8359375,14346.619140625,0.14629976451396942,0.6531636919826269,300,50
qipsode,4,119272.984375,14436.787109375,0.2837787866592407,0.6487287683412433,300,50
qipsode,5,119042.5859375,13960.3984375,0.16399139165878296,0.646304122172296,300,50
qipsode,6,133034.96875,13572.5478515625,0.18457962572574615,0.6482763518579304,300,50
qipsode,7,104931.015625,13830.142578125,0.27297189831733704,0.6515696831047535,300,50
qipsode,8,121000.0078125,14806.1884765625,0.21097683906555176,0.6452619540505111,300,50
qipsode,9,124515.4453125,13762.3623046875,0.21139873564243317,0.647943137679249,300,50
qipsode,10,117695.96875,14284.9833984375,0.25844576954841614,0.6503788460977376,300,50
qipsode,11,118227.6796875,14280.1162109375,0.25755536556243896,0.6489428556524217,300,50
qipsode,12,115780.359375,14059.34375,0.24468447268009186,0.64518783101812,300,50
qipsode,13,121981.609375,13762.56640625,0.2332642674446106,0.6541161900386214,300,50
qipsode,14,118767.2890625,14552.638671875,0.19553889334201813,0.6494203517213464,300,50
qipsode,15,123918.8671875,14308.111328125,0.2107764035463333,0.6440127599053085,300,50
qipsode,16,128843.59375,13963.8583984375,0.24734389781951904,0.6371213281527162,300,50
qipsode,17,100216.453125,14251.875,0.26782041788101196,0.6466816524043679,300,50
qipsode,18,122312.1640625,14431.107421875,0.2706204056739807,0.638113422319293,300,50
qipsode,19,102853.484375,14418.888671875,0.35899922251701355,0.646520861890167,300,50
qipsode,20,131224.125,13840.2666015625,0.14754581451416016,0.6353905908763409,300,50
qipsode,21,137255.1875,14514.203125,0.24178054928779602,0.6405051411129534,300,50
qipsode,22,125438.59375,13756.9140625,0.1804906129837036,0.6409688950516284,300,50
qipsode,23,124637.34375,14391.322265625,0.21040664613246918,0.6431176820769906,300,50
qipsode,24,134813.96875,15507.115234375,0.21158643066883087,0.8713026503100991,300,50
qipsode,25,106500.4921875,14757.009765625,0.26587536931037903,0.8741889637894928,300,50
qipsode,26,130255.2578125,14191.171875,0.21413496136665344,0.8733601905405521,300,50
qipsode,27,116194.8984375,13690.94921875,0.20539052784442902,0.8799226712435484,300,50
qipsode,28,106655.15625,15546.0888671875,0.26839056611061096,0.8743782518431544,300,50
qipsode,29,131015.5234375,14730.5615234375,0.21216103434562683,0.8784441379830241,300,50
pso,0,111718.046875,15493.44921875,0.2665652632713318,0.6685103238560259,300,50
pso,1,128574.0078125,16145.9794921875,0.2723003923892975,0.6708550802432001,300,50
pso,2,113854.7890625,14827.1201171875,0.2853039801120758,0.6683341502211988,300,50
pso,3,126504.75,14791.986328125,0.1411677598953247,0.6679331120103598,300,50
pso,4,118198.296875,15257.86328125,0.29673025012016296,0.6695687314495444,300,50
pso,5,118439.9140625,15172.142578125,0.17842642962932587,0.6778385499492288,300,50
pso,6,133334.859375,13715.6533203125,0.18350932002067566,0.6803371119312942,300,50
pso,7,106400.7578125,15283.6220703125,0.2728421688079834,0.6782835321500897,300,50
pso,8,119972.9140625,15141.1015625,0.22109726071357727,0.6818145690485835,300,50
pso,9,124574.140625,14551.56640625,0.21660032868385315,0.6815246157348156,300,50
pso,10,119297.828125,16324.46484375,0.2615840435028076,0.6772341881878674,300,50
pso,11,119233.390625,15656.14453125,0.2602003812789917,0.6808317429386079,300,50
pso,12,113798.8671875,15943.3330078125,0.27338707447052,0.6827863161452115,300,50
pso,13,122685.4375,14357.6787109375,0.2324940711259842,0.6831385092809796,300,50
pso,14,120439.125,15484.53515625,0.1898270696401596,0.4875309029594064,300,50
pso,15,123536.0859375,13384.3134765625,0.20688088238239288,0.48694357881322503,300,50
pso,16,130477.7109375,14768.921875,0.24191218614578247,0.49441846925765276,300,50
pso,17,102174.796875,14711.810546875,0.2550581991672516,0.4945476781576872,300,50
pso,18,123121.8046875,16085.595703125,0.2763337790966034,0.6443955600261688,300,50
pso,19,102091.171875,16474.55078125,0.3794248104095459,0.6704282769933343,300,50
pso,20,131388.75,15058.455078125,0.15519686043262482,0.679660689085722,300,50
pso,21,138149.78125,14994.37890625,0.23922045528888702,0.679058494977653,300,50
pso,22,128246.4453125,15929.3193359375,0.1758277416229248,0.6751022380776703,300,50
pso,23,127238.203125,16176.62890625,0.2045656442642212,0.5393657581880689,300,50
pso,24,133335.078125,14744.091796875,0.2163170725107193,0.4886040207929909,300,50
pso,25,107630.671875,15969.6640625,0.26654914021492004,0.4880447289906442,300,50
pso,26,131260.640625,13874.8515625,0.20518575608730316,0.4890326368622482,300,50
pso,27,118008.296875,14702.7001953125,0.19917619228363037,0.4872272959910333,300,50
pso,28,107859.796875,16874.6015625,0.2687920331954956,0.5503750969655812,300,50
pso,29,133245.171875,15754.6357421875,0.2039932757616043,0.6826119129545987,300,50
ga,0,150559.5,18602.646484375,0.23146669566631317,0.8146795439533889,300,50
ga,1,146576.203125,18782.640625,0.2407778650522232,0.8122012279927731,300,50
ga,2,127395.6875,18451.55078125,0.25653076171875,0.8077969192527235,300,50
ga,3,180269.890625,19939.0078125,0.12999741733074188,0.8111710618250072,300,50
ga,4,165373.0,19158.80078125,0.26481860876083374,0.8110650610178709,300,50
ga,5,133490.34375,18429.337890625,0.15994985401630402,0.7376689240336418,300,50
ga,6,166989.25,18658.80078125,0.1769724190235138,0.6842392678372562,300,50
ga,7,153996.0,20101.29296875,0.25866392254829407,0.6209057969972491,300,50
ga,8,171616.21875,19828.154296875,0.18632090091705322,0.5838882811367512,300,50
ga,9,188587.9375,19534.55859375,0.1943749487400055,0.5834539663046598,300,50
ga,10,178774.359375,19521.716796875,0.25875502824783325,0.5851397980004549,300,50
ga,11,165229.734375,18785.947265625,0.251202255487442,0.5828232057392597,300,50
ga,12,145990.640625,18556.015625,0.23201273381710052,0.5835382197983563,300,50
ga,13,193961.484375,20576.875,0.21255017817020416,0.582887627184391,300,50
ga,14,190240.96875,20420.583984375,0.18844902515411377,0.5842090649530292,300,50
ga,15,174664.90625,19969.275390625,0.199952632188797,0.5830411841161549,300,50
ga,16,179540.34375,20054.599609375,0.22299760580062866,0.5840935320593417,300,50
ga,17,121408.8125,18640.50390625,0.24839937686920166,0.5840894849970937,300,50
ga,18,185460.0625,20469.955078125,0.2578212022781372,0.5857641017064452,300,50
ga,19,123888.3125,18394.626953125,0.3328651189804077,0.5829041600227356,300,50
ga,20,193423.6875,19741.98046875,0.13880802690982819,0.5839405418373644,300,50
ga,21,180920.203125,18710.67578125,0.22588247060775757,0.5842646141536534,300,50
ga,22,172266.078125,19864.05078125,0.1863085925579071,0.5835759718902409,300,50
ga,23,144842.96875,18091.30859375,0.18038325011730194,0.5845234412699938,300,50
ga,24,151555.796875,18685.15625,0.18573933839797974,0.583416139241308,300,50
ga,25,123022.265625,17931.796875,0.2660554051399231,0.58276844676584,300,50
ga,26,197400.921875,19636.078125,0.19816792011260986,0.5841442691162229,300,50
ga,27,141364.21875,18909.94921875,0.18506059050559998,0.5854845819994807,300,50
ga,28,149820.765625,19397.197265625,0.2391197681427002,0.5852875779382885,300,50
ga,29,197579.109375,18967.28125,0.18825319409370422,0.5848094089888036,300,50
de,0,113943.90625,14651.0302734375,0.24317853152751923,0.5324204950593412,300,50
de,1,127341.0546875,14736.884765625,0.27115777134895325,0.5320371151901782,300,50
de,2,115050.7734375,14506.2060546875,0.27435630559921265,0.5319403791800141,300,50
de,3,123812.2421875,14008.119140625,0.15584112703800201,0.5504026929847896,300,50
de,4,119093.390625,15179.5927734375,0.29008039832115173,0.7185688968747854,300,50
de,5,120733.5703125,14604.568359375,0.15566326677799225,0.7224583611823618,300,50
de,6,132269.9375,14129.7314453125,0.19360463321208954,0.7175297336652875,300,50
de,7,106641.1484375,14777.419921875,0.2668839395046234,0.7177616329863667,300,50
de,8,123263.0703125,15091.8671875,0.19628484547138214,0.7179500837810338,300,50
de,9,124883.5,14114.90234375,0.2112882286310196,0.7193414247594774,300,50
de,10,116909.25,13807.927734375,0.26066645979881287,0.717899695970118,300,50
de,11,117726.609375,14001.31640625,0.25914299488067627,0.7217864426784217,300,50
de,12,113965.09375,13760.974609375,0.25594809651374817,0.718414856120944,300,50
de,13,122775.4140625,13834.1015625,0.22814702987670898,0.7155967927537858,300,50
de,14,118920.1015625,13965.509765625,0.1898270696401596,0.719661254901439,300,50
de,15,124393.96875,13835.97265625,0.20395603775978088,0.7192617189139128,300,50
de,16,128920.515625,14026.7890625,0.24725213646888733,0.7236598110757768,300,50
de,17,100787.4921875,14791.689453125,0.26755446195602417,0.7291083810850978,300,50
de,18,121460.5625,14647.150390625,0.27783912420272827,0.7281391127035022,300,50
de,19,103288.1171875,14246.166015625,0.3545968234539032,0.7242345940321684,300,50
de,20,129889.875,14343.00390625,0.16088610887527466,0.7229118817485869,300,50
de,21,137259.015625,14510.5546875,0.2417343258857727,0.7221095669083297,300,50
de,22,125567.21875,13848.12109375,0.1802160143852234,0.7274790708906949,300,50
de,23,124576.625,14274.6953125,0.2100062072277069,0.7213559099473059,300,50
de,24,134727.15625,15585.9287109375,0.21334461867809296,0.7208523177541792,300,50
de,25,106237.265625,13907.41796875,0.2611832618713379,0.7248702100478113,300,50
de,26,130118.21875,14054.1337890625,0.21413496136665344,0.6933200219646096,300,50
de,27,116829.5546875,13523.521484375,0.199172705411911,0.5301738916896284,300,50
de,28,105523.25,14604.38671875,0.2693251073360443,0.5250144088640809,300,50
de,29,133242.828125,15007.9423828125,0.1989501714706421,0.5278761251829565,300,50
gwo,0,139607.96875,17413.818359375,0.22129394114017487,0.5735578848980367,300,50
gwo,1,134926.3125,16671.84765625,0.26059582829475403,0.8159795259125531,300,50
gwo,2,119165.953125,17210.41796875,0.26434090733528137,0.6851773113012314,300,50
gwo,3,149297.1875,18135.962890625,0.1305570751428604,0.5755046750418842,300,50
gwo,4,178580.03125,17230.09375,0.2725795805454254,0.5740425041876733,300,50
gwo,5,185550.046875,18065.5078125,0.15147042274475098,0.5893380148336291,300,50
gwo,6,138734.546875,18475.96875,0.1833009123802185,0.5734898881055415,300,50
gwo,7,142320.375,17633.54296875,0.2505739629268646,0.5743004018440843,300,50
gwo,8,135046.453125,18224.412109375,0.16745209693908691,0.5704734246246517,300,50
gwo,9,130854.2890625,17643.76953125,0.20571941137313843,0.566126043908298,300,50
gwo,10,206260.796875,19039.5703125,0.23435814678668976,0.5658677550964057,300,50
gwo,11,122308.8984375,17104.0703125,0.2490520030260086,0.5673145442269742,300,50
gwo,12,122259.0,17629.533203125,0.26817846298217773,0.5743090328760445,300,50
gwo,13,125784.9765625,16091.962890625,0.2228212058544159,0.5755045199766755,300,50
gwo,14,122804.390625,16874.99609375,0.18230226635932922,0.5695620942860842,300,50
gwo,15,128757.7578125,17549.98828125,0.20090560615062714,0.569746064953506,300,50
gwo,16,141770.8125,17286.697265625,0.23127909004688263,0.5782706690952182,300,50
gwo,17,105222.0859375,16987.466796875,0.2549463212490082,0.5751648168079555,300,50
gwo,18,126222.375,16576.484375,0.26074835658073425,0.5769738187082112,300,50
gwo,19,108406.7578125,16286.7060546875,0.3420216143131256,0.6730878152884543,300,50
gwo,20,142782.984375,17904.587890625,0.13880901038646698,0.7969705578871071,300,50
gwo,21,144813.15625,17251.28125,0.2175399512052536,0.7996952668763697,300,50
gwo,22,133169.046875,18017.388671875,0.17545223236083984,0.7987602311186492,300,50
gwo,23,134936.90625,17631.82421875,0.1827249974012375,0.799724190030247,300,50
gwo,24,142982.03125,17372.12890625,0.18602347373962402,0.8015728183090687,300,50
gwo,25,117048.4296875,17974.640625,0.2541772127151489,0.8057605917565525,300,50
gwo,26,154518.5,18205.220703125,0.19013066589832306,0.8035988993942738,300,50
gwo,27,143466.328125,16947.0703125,0.19230084121227264,0.8028661692515016,300,50
gwo,28,159978.828125,18731.41015625,0.2408951073884964,0.6730703134089708,300,50
gwo,29,340742.75,18562.51171875,0.18291546404361725,0.5836186637170613,300,50
lshade,0,111355.71875,12658.75390625,0.24772067368030548,1.6750226081348956,300,50
lshade,1,124817.484375,12757.962890625,0.27468302845954895,1.655583725310862,300,50
lshade,2,113571.21875,12700.1953125,0.2720003128051758,1.6619802010245621,300,50
lshade,3,123657.328125,12689.701171875,0.14689631760120392,1.6588123426772654,300,50
lshade,4,116346.5078125,12849.6123046875,0.292928546667099,2.146271330304444,300,50
lshade,5,117177.84375,12764.365234375,0.1693115383386612,2.2744239163585007,300,50
lshade,6,132218.28125,12593.232421875,0.1834694892168045,1.7847013217397034,300,50
lshade,7,105298.6328125,12625.814453125,0.26042696833610535,1.6650026240386069,300,50
lshade,8,120844.53125,12777.927734375,0.19706203043460846,1.6461596847511828,300,50
lshade,9,123440.8125,12676.263671875,0.21131707727909088,1.643244368955493,300,50
lshade,10,116629.828125,12631.9541015625,0.2542372941970825,1.6533439359627664,300,50
lshade,11,116322.65625,12739.771484375,0.2601601779460907,1.6515819230116904,300,50
lshade,12,112172.921875,12738.9228515625,0.2616663873195648,1.6468268753960729,300,50
lshade,13,120882.7265625,12653.943359375,0.23319530487060547,1.6503982418216765,300,50
lshade,14,117584.125,12629.53515625,0.1898270696401596,1.64871543366462,300,50
lshade,15,122795.0625,12634.3427734375,0.20681649446487427,1.6468237922526896,300,50
lshade,16,128280.1484375,12644.927734375,0.24239416420459747,1.6478944132104516,300,50
lshade,17,98630.046875,12670.37109375,0.26786214113235474,1.648884213063866,300,50
lshade,18,120691.8125,12696.173828125,0.2698456645011902,1.64745061006397,300,50
lshade,19,101731.8359375,12761.8935546875,0.3551187813282013,1.6579035581089556,300,50
lshade,20,130439.34375,12601.279296875,0.14424732327461243,1.6599509161897004,300,50
lshade,21,136583.0625,12718.841796875,0.23484183847904205,1.6621450576931238,300,50
lshade,22,124976.90625,12620.607421875,0.1755402535200119,1.6588190258480608,300,50
lshade,23,122995.296875,12737.138671875,0.21031978726387024,1.656922705937177,300,50
lshade,24,132804.34375,12712.6728515625,0.2064000964164734,1.6570956041105092,300,50
lshade,25,104292.0390625,12707.009765625,0.26714327931404114,1.6680639293044806,300,50
lshade,26,128762.7265625,12698.640625,0.21413496136665344,1.6692406297661364,300,50
lshade,27,115941.96875,12637.330078125,0.19918353855609894,1.6632268819957972,300,50
lshade,28,103854.3671875,12800.880859375,0.2682431936264038,1.6682003033347428,300,50
lshade,29,130954.859375,12654.14453125,0.1985042244195938,1.6651672148145735,300,50
cmaes,0,108386.453125,13182.31640625,0.2743433117866516,1.8460380607284606,300,50
cmaes,1,125057.703125,13280.361328125,0.27650952339172363,1.8373815049417317,300,50
cmaes,2,118931.9453125,12907.509765625,0.23480743169784546,1.8361519216559827,300,50
cmaes,3,123687.9453125,14539.4248046875,0.16088129580020905,1.837844633962959,300,50
cmaes,4,112959.1640625,13769.427734375,0.3223543167114258,1.8419596343301237,300,50
cmaes,5,116444.6015625,13213.228515625,0.17871610820293427,1.842037693131715,300,50
cmaes,6,130900.734375,12996.3291015625,0.19521422684192657,1.8446811297908425,300,50
cmaes,7,102295.6953125,13546.0234375,0.29173558950424194,1.8478538701310754,300,50
cmaes,8,121116.2578125,13241.349609375,0.19848637282848358,1.8434137590229511,300,50
cmaes,9,121312.0390625,13600.673828125,0.23305688798427582,1.831964263226837,300,50
cmaes,10,113048.65625,13261.9404296875,0.2844352126121521,1.8247341359965503,300,50
cmaes,11,116537.1484375,13093.4677734375,0.2611543536186218,1.818079097662121,300,50
cmaes,12,114754.5234375,13840.404296875,0.2506760060787201,1.8174924356862903,300,50
cmaes,13,120832.9375,13354.66796875,0.23851269483566284,1.8263057288713753,300,50
cmaes,14,118690.109375,13575.97265625,0.18859544396400452,1.833361023105681,300,50
cmaes,15,123609.3046875,13072.208984375,0.20410652458667755,1.8220012476667762,300,50
cmaes,16,129640.125,13225.33203125,0.23728661239147186,1.8199905380606651,300,50
cmaes,17,98797.75,12868.0068359375,0.26811710000038147,1.8201558380387723,300,50
cmaes,18,121338.6484375,12900.6640625,0.26685503125190735,1.8319649561308324,300,50
cmaes,19,101536.640625,13306.0791015625,0.3604780435562134,1.8239521398209035,300,50
cmaes,20,127790.765625,13041.28515625,0.16667693853378296,1.8256533476524055,300,50
cmaes,21,132064.828125,13401.8125,0.26697176694869995,1.8230188828893006,300,50
cmaes,22,120876.96875,13344.958984375,0.21094045042991638,1.81973235309124,300,50
cmaes,23,124404.2421875,13450.3359375,0.20533663034439087,1.8262786050327122,300,50
cmaes,24,131811.40625,13180.09375,0.2160506248474121,1.8276399341411889,300,50
cmaes,25,104146.421875,12889.998046875,0.2697727680206299,1.8206232558004558,300,50
cmaes,26,129260.3046875,13196.216796875,0.21413496136665344,1.8404683098196983,300,50
cmaes,27,115297.515625,13315.6064453125,0.20943723618984222,1.8422163408249617,300,50
cmaes,28,104327.0078125,13331.654296875,0.2687103748321533,1.839991773944348,300,50
cmaes,29,125647.28125,13060.14453125,0.2372141182422638,1.8386040087789297,300,50
greedy,0,439273280.0,867369.125,0.43725723028182983,0.01702401600778103,1,50
greedy,1,391626144.0,767526.125,0.36536088585853577,0.016595955938100815,1,50
greedy,2,593111424.0,1205268.25,0.4110260009765625,0.016551331151276827,1,50
greedy,3,565136576.0,1137083.0,0.41711732745170593,0.016626634635031223,1,50
greedy,4,317548448.0,618311.125,0.4030090272426605,0.016540585085749626,1,50
greedy,5,315949824.0,614225.625,0.4497707188129425,0.016721729189157486,1,50
greedy,6,389830432.0,762319.625,0.4182237386703491,0.016563639044761658,1,50
greedy,7,551508480.0,1104642.375,0.4551609754562378,0.016546227037906647,1,50
greedy,8,478065152.0,949095.0,0.40698081254959106,0.016799319069832563,1,50
greedy,9,443936320.0,873932.5,0.4119814336299896,0.01667011994868517,1,50
greedy,10,513200224.0,1021422.1875,0.40137022733688354,0.016778768971562386,1,50
greedy,11,502835328.0,996326.25,0.435508668422699,0.016511553898453712,1,50
greedy,12,518007456.0,1032451.1875,0.44302457571029663,0.016629579942673445,1,50
greedy,13,638179584.0,1296615.625,0.4167287051677704,0.016578319016844034,1,50
greedy,14,444907776.0,876604.6875,0.4099878966808319,0.016473447438329458,1,50
greedy,15,463621504.0,917482.625,0.4121896028518677,0.01666849199682474,1,50
greedy,16,502244256.0,998643.8125,0.37135040760040283,0.016717575024813414,1,50
greedy,17,455150048.0,897283.8125,0.4481287896633148,0.01656937226653099,1,50
greedy,18,511718720.0,1017817.6875,0.3661631941795349,0.01661834167316556,1,50
greedy,19,567293952.0,1138816.125,0.4287187457084656,0.016554886009544134,1,50
greedy,20,479772576.0,954472.0,0.42001911997795105,0.016644925344735384,1,50
greedy,21,608599552.0,1246416.375,0.3458489775657654,0.01646612538024783,1,50
greedy,22,522133824.0,1038406.75,0.42724135518074036,0.016639370005577803,1,50
greedy,23,463112320.0,914627.5625,0.4101119637489319,0.01653027394786477,1,50
greedy,24,582331776.0,1175547.0,0.39405176043510437,0.016775410156697035,1,50
greedy,25,404699552.0,792910.9375,0.4477849006652832,0.016677367966622114,1,50
greedy,26,278584288.0,540488.5,0.38451844453811646,0.016670565120875835,1,50
greedy,27,524489088.0,1045616.0,0.4140363931655884,0.016562367789447308,1,50
greedy,28,600061056.0,1210559.125,0.43616536259651184,0.016644622199237347,1,50
greedy,29,436322656.0,855141.125,0.40827086567878723,0.016580950934439898,1,50
straight,0,114100.203125,12518.6533203125,0.22573405504226685,0.00732856011018157,1,50
straight,1,130034.046875,12518.6533203125,0.23936939239501953,0.007302542217075825,1,50
straight,2,116389.265625,12518.6533203125,0.2503519356250763,0.00722497096285224,1,50
straight,3,126420.0,12518.6533203125,0.12434227764606476,0.007226494140923023,1,50
straight,4,120694.4140625,12518.6533203125,0.2609635889530182,0.007189732976257801,1,50
straight,5,119602.546875,12518.6533203125,0.14806638658046722,0.007307794410735369,1,50
straight,6,132149.4375,12518.6533203125,0.18343041837215424,0.007253732066601515,1,50
straight,7,107266.234375,12518.6533203125,0.24386942386627197,0.007195598911494017,1,50
straight,8,124450.2265625,12518.6533203125,0.16834521293640137,0.007237788289785385,1,50
straight,9,124879.4453125,12518.6533203125,0.19995132088661194,0.007258465979248285,1,50
straight,10,119686.1875,12518.6533203125,0.23150791227817535,0.0072091249749064445,1,50
straight,11,120067.3359375,12518.6533203125,0.23183444142341614,0.007282134145498276,1,50
straight,12,115583.21875,12518.6533203125,0.23470811545848846,0.007304704748094082,1,50
straight,13,122975.78125,12518.6533203125,0.2174074500799179,0.007275085896253586,1,50
straight,14,118307.0078125,12518.6533203125,0.18339098989963531,0.007299290969967842,1,50
straight,15,123457.3671875,12518.6533203125,0.20121482014656067,0.007178242783993483,1,50
straight,16,129589.796875,12518.6533203125,0.2329864650964737,0.0072816177271306515,1,50
straight,17,101407.96875,12518.6533203125,0.2429097592830658,0.007300043944269419,1,50
straight,18,122839.015625,12518.6533203125,0.2541283667087555,0.007254067342728376,1,50
straight,19,105906.0,12518.6533203125,0.3231002390384674,0.007202335633337498,1,50
straight,20,131109.625,12518.6533203125,0.1387796700000763,0.007363250013440847,1,50
straight,21,138729.046875,12518.6533203125,0.22034864127635956,0.007263063453137875,1,50
straight,22,125527.7109375,12518.6533203125,0.17075037956237793,0.007331784348934889,1,50
straight,23,126642.6796875,12518.6533203125,0.18263192474842072,0.007314648944884539,1,50
straight,24,136440.375,12518.6533203125,0.18109013140201569,0.0073030428029596806,1,50
straight,25,106084.8828125,12518.6533203125,0.25128981471061707,0.0072206188924610615,1,50
straight,26,129891.4453125,12518.6533203125,0.2052738219499588,0.007268422283232212,1,50
straight,27,115824.2734375,12518.6533203125,0.1991758942604065,0.007154284976422787,1,50
straight,28,107776.5078125,12518.6533203125,0.23445457220077515,0.007296902127563953,1,50
straight,29,132773.09375,12518.6533203125,0.18526755273342133,0.007239463273435831,1,50
qipso,0,244281.890625,15023.54296875,0.13971424102783203,0.5609656851738691,300,100
qipso,1,243820.140625,16068.392578125,0.1926669478416443,0.5599509151652455,300,100
qipso,2,237519.15625,14661.4423828125,0.14282594621181488,0.5610765242017806,300,100
qipso,3,259242.578125,15925.302734375,0.1515311300754547,0.5598848997615278,300,100
qipso,4,251699.625,14625.796875,0.1592392921447754,0.5587005601264536,300,100
qipso,5,238426.1875,15733.9931640625,0.1547599732875824,0.5611540647223592,300,100
qipso,6,243413.359375,15865.482421875,0.13267672061920166,0.5589315579272807,300,100
qipso,7,242002.359375,16269.7998046875,0.16133110225200653,0.5586036569438875,300,100
qipso,8,250059.828125,15157.828125,0.1111108660697937,0.55835120100528,300,100
qipso,9,237139.21875,16996.3203125,0.1949850171804428,0.5573590015992522,300,100
qipso,10,255507.53125,17106.0625,0.1764686554670334,0.5582062569446862,300,100
qipso,11,252470.140625,15598.74609375,0.16820015013217926,0.5591713460162282,300,100
qipso,12,270564.0625,16779.7265625,0.12455537915229797,0.5585663830861449,300,100
qipso,13,262709.46875,16679.609375,0.12013588100671768,0.5573856853879988,300,100
qipso,14,250933.25,16343.7001953125,0.1391245573759079,0.5557401138357818,300,100
qipso,15,253947.796875,15323.927734375,0.15018391609191895,0.5565264690667391,300,100
qipso,16,258840.171875,16072.3857421875,0.17937071621418,0.5581562495790422,300,100
qipso,17,250514.96875,16226.5966796875,0.16715838015079498,0.5565973250195384,300,100
qipso,18,246589.359375,17253.5,0.1594713181257248,0.554950955323875,300,100
qipso,19,228515.21875,15448.025390625,0.19390814006328583,0.5576123688369989,300,100
qipso,20,260714.25,16286.08984375,0.11680930852890015,0.5567352371290326,300,100
qipso,21,246063.609375,15209.970703125,0.14033451676368713,0.55545201478526,300,100
qipso,22,251136.78125,16259.7353515625,0.15850865840911865,0.5556963318958879,300,100
qipso,23,258420.96875,16118.458984375,0.15300911664962769,0.5574517771601677,300,100
qipso,24,268706.6875,16393.326171875,0.1372973769903183,0.5574464169330895,300,100
qipso,25,265526.28125,17273.423828125,0.12314452230930328,0.556663682218641,300,100
qipso,26,250979.71875,16691.39453125,0.14705948531627655,0.555184637196362,300,100
qipso,27,238137.84375,16463.4765625,0.17270015180110931,0.5529265380464494,300,100
qipso,28,232167.71875,14772.935546875,0.14738552272319794,0.5583629282191396,300,100
qipso,29,270090.71875,16620.49609375,0.14665555953979492,0.5553097310476005,300,100
qipsode,0,243031.4375,15444.8203125,0.14598733186721802,0.6360411769710481,300,100
qipsode,1,243437.234375,15402.0615234375,0.191758930683136,0.6351597560569644,300,100
qipsode,2,238241.484375,14762.755859375,0.1404373049736023,0.6367720058187842,300,100
qipsode,3,260551.453125,15123.5166015625,0.14417114853858948,0.6360253253951669,300,100
qipsode,4,251496.8125,15214.78125,0.1620474010705948,0.6363051882945001,300,100
qipsode,5,239391.421875,14704.0556640625,0.147187277674675,0.6372457309626043,300,100
qipsode,6,243047.640625,14788.455078125,0.12996557354927063,0.6366904401220381,300,100
qipsode,7,239144.671875,14290.0263671875,0.16459296643733978,0.6365176220424473,300,100
qipsode,8,252264.9375,14191.8837890625,0.09911131858825684,0.6350941420532763,300,100
qipsode,9,234739.375,14463.56640625,0.19442573189735413,0.636526299174875,300,100
qipsode,10,253398.28125,14948.982421875,0.17630335688591003,0.6373435920104384,300,100
qipsode,11,253725.0,15185.7919921875,0.16234348714351654,0.6381720933131874,300,100
qipsode,12,270574.6875,14992.693359375,0.11835423856973648,0.6362915802747011,300,100
qipsode,13,261628.0,14756.0888671875,0.117124542593956,0.6356055019423366,300,100
qipsode,14,247361.390625,14099.1025390625,0.14399519562721252,0.6357300919480622,300,100
qipsode,15,256789.328125,14717.58203125,0.13790497183799744,0.6366935931146145,300,100
qipsode,16,256703.546875,14202.427734375,0.18027210235595703,0.6362332529388368,300,100
qipsode,17,247304.59375,15133.236328125,0.17468386888504028,0.6373164388351142,300,100
qipsode,18,245859.296875,14658.078125,0.15263472497463226,0.6372884446755052,300,100
qipsode,19,228490.6875,15208.2177734375,0.19309359788894653,0.6368949157185853,300,100
qipsode,20,258124.046875,14524.732421875,0.11980411410331726,0.6370316529646516,300,100
qipsode,21,244716.125,14474.4951171875,0.14261268079280853,0.6360719809308648,300,100
qipsode,22,251975.625,15235.4150390625,0.15188336372375488,0.6355469841510057,300,100
qipsode,23,255523.65625,15331.4912109375,0.16062778234481812,0.6375979520380497,300,100
qipsode,24,267982.3125,15345.6416015625,0.1361919790506363,0.6368068302981555,300,100
qipsode,25,263791.0,14700.34375,0.11996554583311081,0.6397735327482224,300,100
qipsode,26,246312.140625,14453.4013671875,0.1557486355304718,0.6361144259572029,300,100
qipsode,27,237920.609375,14781.849609375,0.1672348529100418,0.6372204781509936,300,100
qipsode,28,229887.578125,15046.25,0.15739992260932922,0.6378380479291081,300,100
qipsode,29,268318.8125,15399.0361328125,0.1485087126493454,0.6355565851554275,300,100
pso,0,242688.90625,15061.5,0.1458556056022644,0.48344541201367974,300,100
pso,1,241069.1875,14826.8046875,0.1980174332857132,0.4844054337590933,300,100
pso,2,237894.4375,14481.111328125,0.1406889408826828,0.4837208320386708,300,100
pso,3,258481.875,15895.9296875,0.1542009562253952,0.48379070311784744,300,100
pso,4,252254.734375,15157.46875,0.15915623307228088,0.4842625851742923,300,100
pso,5,236759.84375,15724.984375,0.161050945520401,0.4845864730887115,300,100
pso,6,241300.046875,14898.619140625,0.13704662024974823,0.48321881191805005,300,100
pso,7,241997.625,16833.1640625,0.16344185173511505,0.48294906597584486,300,100
pso,8,249464.3125,14128.3369140625,0.1094687283039093,0.4835230642929673,300,100
pso,9,239324.15625,16442.6171875,0.18489623069763184,0.48414734890684485,300,100
pso,10,256939.09375,16624.2890625,0.1698591709136963,0.48236287431791425,300,100
pso,11,254953.984375,15596.69921875,0.15947073698043823,0.4882502891123295,300,100
pso,12,270318.125,16979.1015625,0.12609140574932098,0.4832941172644496,300,100
pso,13,262106.25,15775.837890625,0.11909879744052887,0.4844292472116649,300,100
pso,14,246677.828125,15631.955078125,0.15224400162696838,0.484456205740571,300,100
pso,15,257469.21875,14711.857421875,0.13551586866378784,0.48642906872555614,300,100
pso,16,256505.953125,15518.45703125,0.18538859486579895,0.4843722698278725,300,100
pso,17,248158.609375,15712.3095703125,0.1738535463809967,0.4846570068039,300,100
pso,18,245668.5625,16426.80859375,0.15982060134410858,0.4840643838979304,300,100
pso,19,230447.703125,16740.826171875,0.1914949268102646,0.4844584069214761,300,100
pso,20,259219.625,15754.1953125,0.12028802186250687,0.4845297080464661,300,100
pso,21,245894.53125,15552.947265625,0.1422404944896698,0.4837326449342072,300,100
pso,22,253004.71875,16582.55078125,0.1529729962348938,0.48336491687223315,300,100
pso,23,259984.5625,15703.7080078125,0.1460937112569809,0.48358723102137446,300,100
pso,24,268117.46875,16506.02734375,0.13970144093036652,0.48599968990311027,300,100
pso,25,264924.90625,16047.1201171875,0.12071766704320908,0.48402868304401636,300,100
pso,26,249234.6875,15689.072265625,0.14960630238056183,0.4824533127248287,300,100
pso,27,237228.1875,15467.208984375,0.17237679660320282,0.4843775052577257,300,100
pso,28,230989.0,16106.2158203125,0.15723741054534912,0.48322519985958934,300,100
pso,29,266932.03125,15148.98828125,0.15233571827411652,0.48270839592441916,300,100
ga,0,283271.5625,19356.76171875,0.1336945742368698,0.580527130048722,300,100
ga,1,315483.90625,19643.375,0.16993504762649536,0.5795515798963606,300,100
ga,2,267299.625,19388.20703125,0.11844901740550995,0.5792883369140327,300,100
ga,3,312690.59375,19153.609375,0.13576602935791016,0.5800834069959819,300,100
ga,4,318699.4375,20028.734375,0.143987774848938,0.5800651460886002,300,100
ga,5,280996.25,19134.30078125,0.13769693672657013,0.5803513880819082,300,100
ga,6,284666.25,18728.36328125,0.11783348768949509,0.5785611420869827,300,100
ga,7,288388.6875,19272.294921875,0.1569277048110962,0.5827403753064573,300,100
ga,8,279278.0,19686.552734375,0.09337276965379715,0.5854581510648131,300,100
ga,9,348680.71875,20009.763671875,0.1704198122024536,0.5802097367122769,300,100
ga,10,283008.875,19863.43359375,0.1632857322692871,0.5788150550797582,300,100
ga,11,295729.84375,19474.72265625,0.146932914853096,0.5773220201954246,300,100
ga,12,296794.625,17858.7265625,0.09614545106887817,0.5786757008172572,300,100
ga,13,287991.46875,17996.28125,0.10379587858915329,0.5794106847606599,300,100
ga,14,291929.375,19489.95703125,0.13858649134635925,0.5791548928245902,300,100
ga,15,292195.46875,19302.078125,0.12972518801689148,0.5793922781012952,300,100
ga,16,308519.84375,20186.28515625,0.16695986688137054,0.5801327018998563,300,100
ga,17,348109.1875,19343.0546875,0.14879530668258667,0.5787398288957775,300,100
ga,18,297158.40625,19490.3125,0.13465546071529388,0.5799785950221121,300,100
ga,19,274814.25,19632.4296875,0.16976480185985565,0.581284053158015,300,100
ga,20,283419.0,18875.09375,0.11019034683704376,0.5810955399647355,300,100
ga,21,267011.75,19185.998046875,0.12612292170524597,0.579454509075731,300,100
ga,22,291662.28125,19161.10546875,0.14202043414115906,0.5796936699189246,300,100
ga,23,287046.375,18893.2734375,0.147592693567276,0.5777600170113146,300,100
ga,24,326345.9375,19835.439453125,0.11954523622989655,0.5790318748913705,300,100
ga,25,343133.03125,20238.35546875,0.10613207519054413,0.5792733812704682,300,100
ga,26,291171.03125,19519.033203125,0.1470036655664444,0.5818902687169611,300,100
ga,27,292679.3125,19362.822265625,0.16382865607738495,0.5901237139478326,300,100
ga,28,309308.125,20141.66796875,0.13367390632629395,0.5887832958251238,300,100
ga,29,333855.59375,20106.607421875,0.13070105016231537,0.5857443697750568,300,100
de,0,242638.921875,14834.2783203125,0.1451692283153534,0.528166001662612,300,100
de,1,241692.9375,15092.0703125,0.19674670696258545,0.5318024097941816,300,100
de,2,238677.4375,14389.8876953125,0.13732637465000153,0.5311258560977876,300,100
de,3,257341.390625,15110.666015625,0.15532004833221436,0.5304051907733083,300,100
de,4,252770.046875,14226.2451171875,0.15402619540691376,0.5319845657795668,300,100
de,5,239835.9375,14860.111328125,0.14609232544898987,0.530009618960321,300,100
de,6,241070.703125,14381.04296875,0.13594801723957062,0.5315408008173108,300,100
de,7,241561.125,14984.3515625,0.1581946164369583,0.5304213971830904,300,100
de,8,251991.953125,14508.39453125,0.10134194046258926,0.5317628458142281,300,100
de,9,235330.453125,14576.302734375,0.1926763504743576,0.5348891979083419,300,100
de,10,252994.375,14127.60546875,0.17486122250556946,0.536581102758646,300,100
de,11,254046.703125,14687.240234375,0.15946298837661743,0.5354333324357867,300,100
de,12,270916.28125,15183.8544921875,0.11783526092767715,0.5305818160995841,300,100
de,13,260465.171875,15041.998046875,0.12230555713176727,0.5331211863085628,300,100
de,14,247391.859375,14038.91796875,0.14366260170936584,0.5330956010147929,300,100
de,15,257111.453125,15008.328125,0.13779316842556,0.5337431570515037,300,100
de,16,256920.4375,13561.80078125,0.17737343907356262,0.5352301439270377,300,100
de,17,247816.375,15446.623046875,0.17397864162921906,0.5363005707040429,300,100
de,18,248538.875,14432.923828125,0.14198870956897736,0.5302452361211181,300,100
de,19,229308.796875,14292.146484375,0.18653279542922974,0.5298460079357028,300,100
de,20,257675.71875,14328.3193359375,0.12083088606595993,0.5281321513466537,300,100
de,21,245396.765625,14533.1376953125,0.14029644429683685,0.5300357947126031,300,100
de,22,250254.109375,14385.3154296875,0.15495558083057404,0.5285244239494205,300,100
de,23,255149.0625,14593.912109375,0.15911714732646942,0.5282200858928263,300,100
de,24,267965.875,14970.748046875,0.13496644794940948,0.5281888409517705,300,100
de,25,263289.375,14388.056640625,0.12063451111316681,0.5279908562079072,300,100
de,26,246857.5,14237.833984375,0.15297789871692657,0.5285365208983421,300,100
de,27,238102.453125,14954.099609375,0.1671990305185318,0.5295867742970586,300,100
de,28,231579.21875,14904.7041015625,0.15021026134490967,0.5371325858868659,300,100
de,29,268704.8125,14430.2529296875,0.143947571516037,0.5300371642224491,300,100
gwo,0,268915.5625,17412.51171875,0.13133180141448975,0.5840614377520978,300,100
gwo,1,253506.859375,16635.26171875,0.17501913011074066,0.6178719461895525,300,100
gwo,2,244007.09375,17210.72265625,0.12776918709278107,0.6595972832292318,300,100
gwo,3,267480.40625,17454.2890625,0.13582846522331238,0.6234453138895333,300,100
gwo,4,311199.75,17431.1875,0.1503675878047943,0.6282758130691946,300,100
gwo,5,310581.5,18410.1484375,0.14059360325336456,0.6160266050137579,300,100
gwo,6,247347.09375,18475.51171875,0.1299419403076172,0.6091525442898273,300,100
gwo,7,278316.09375,17724.498046875,0.1499580591917038,0.609839569311589,300,100
gwo,8,258179.5625,17637.328125,0.09626336395740509,0.6114922878332436,300,100
gwo,9,242358.796875,17608.916015625,0.181907057762146,0.6094476161524653,300,100
gwo,10,344345.34375,19039.5703125,0.15417702496051788,0.6099507790058851,300,100
gwo,11,259279.34375,17246.99609375,0.15173500776290894,0.6101445429958403,300,100
gwo,12,277150.875,16785.18359375,0.10185251384973526,0.6121009020134807,300,100
gwo,13,266068.90625,16071.1455078125,0.10594573616981506,0.6099554030224681,300,100
gwo,14,252300.34375,16901.654296875,0.13615521788597107,0.6141171553172171,300,100
gwo,15,262277.71875,17549.98828125,0.12925146520137787,0.6134772482328117,300,100
gwo,16,269139.96875,17246.45703125,0.17521162331104279,0.6124804960563779,300,100
gwo,17,256696.296875,16166.26953125,0.1551560014486313,0.610546036157757,300,100
gwo,18,249585.375,16740.49609375,0.14689752459526062,0.6106124226935208,300,100
gwo,19,236992.640625,16476.5546875,0.17240865528583527,0.6132719479501247,300,100
gwo,20,269072.03125,17902.5,0.1150716245174408,0.6118097249418497,300,100
gwo,21,251054.84375,17448.5625,0.13391657173633575,0.6106167268007994,300,100
gwo,22,260641.546875,18020.384765625,0.14081500470638275,0.6140423407778144,300,100
gwo,23,265683.28125,17591.099609375,0.14172889292240143,0.6107467138208449,300,100
gwo,24,275078.78125,17448.234375,0.12553340196609497,0.612883317284286,300,100
gwo,25,276741.4375,17974.640625,0.10651294142007828,0.6108243181370199,300,100
gwo,26,270771.40625,18272.65625,0.14055754244327545,0.611918905749917,300,100
gwo,27,266054.34375,16947.0703125,0.15364369750022888,0.6117051509208977,300,100
gwo,28,285880.125,18712.810546875,0.13566793501377106,0.6104389857500792,300,100
gwo,29,477205.6875,18562.51171875,0.1345546394586563,0.609149341005832,300,100
lshade,0,241053.453125,12750.798828125,0.14330042898654938,1.7649525511078537,300,100
lshade,1,239172.515625,12725.673828125,0.19729259610176086,1.7652048002928495,300,100
lshade,2,236964.109375,12717.3662109375,0.13748323917388916,1.7627510949969292,300,100
lshade,3,258887.65625,12633.890625,0.1412912756204605,1.765646272804588,300,100
lshade,4,250458.515625,12729.5830078125,0.1569160670042038,1.763912226073444,300,100
lshade,5,236663.765625,12669.18359375,0.1498168408870697,1.7689157957211137,300,100
lshade,6,241761.921875,12695.1611328125,0.1268872618675232,1.766191840171814,300,100
lshade,7,238247.28125,12825.310546875,0.16248507797718048,1.767331263050437,300,100
lshade,8,250726.671875,12676.69921875,0.0991985946893692,1.7642986150458455,300,100
lshade,9,232415.09375,12822.4169921875,0.196924090385437,1.766972841694951,300,100
lshade,10,254093.671875,12642.572265625,0.1659340113401413,1.7715419200249016,300,100
lshade,11,251172.15625,12804.14453125,0.16294455528259277,1.8003743179142475,300,100
lshade,12,268850.625,12714.6064453125,0.11644306033849716,1.7953071100637317,300,100
lshade,13,260234.359375,12619.0322265625,0.1144658699631691,1.7729834797792137,300,100
lshade,14,245315.953125,12636.33984375,0.1461334079504013,1.774862077087164,300,100
lshade,15,255345.40625,12681.734375,0.13579688966274261,1.7821001992560923,300,100
lshade,16,254604.828125,12816.197265625,0.1826806366443634,1.7800342440605164,300,100
lshade,17,246995.859375,12713.341796875,0.16717921197414398,1.6470211492851377,300,100
lshade,18,244830.5625,12821.75,0.14967486262321472,1.630127213895321,300,100
lshade,19,228393.921875,12798.255859375,0.1843421906232834,1.6328747370280325,300,100
lshade,20,256091.640625,12771.7626953125,0.12081381678581238,1.7091123103164136,300,100
lshade,21,242785.34375,12707.40625,0.14322225749492645,1.6958422833122313,300,100
lshade,22,249095.515625,12723.82421875,0.15315386652946472,1.6954663689248264,300,100
lshade,23,254728.640625,12765.65234375,0.15419596433639526,1.7119722231291234,300,100
lshade,24,266664.46875,12927.9453125,0.13243132829666138,1.7125193551182747,300,100
lshade,25,262817.53125,12825.2900390625,0.11678037792444229,1.6983865341171622,300,100
lshade,26,244296.609375,12857.36328125,0.15727606415748596,1.7069554142653942,300,100
lshade,27,235974.28125,12809.8671875,0.16713911294937134,1.7178376610390842,300,100
lshade,28,228459.734375,12847.376953125,0.1543760448694229,1.725996945053339,300,100
lshade,29,264951.21875,12809.669921875,0.15112866461277008,1.714240435976535,300,100
cmaes,0,245768.9375,13361.4345703125,0.12789717316627502,1.8588775619864464,300,100
cmaes,1,238191.59375,13607.51953125,0.2038956582546234,1.841991086024791,300,100
cmaes,2,237024.34375,13750.990234375,0.14122723042964935,1.8395692026242614,300,100
cmaes,3,252139.109375,13573.0634765625,0.16809912025928497,1.8372027948498726,300,100
cmaes,4,249171.96875,13058.15234375,0.1626439243555069,1.9192722421139479,300,100
cmaes,5,233597.3125,14516.310546875,0.16846643388271332,1.9529700232669711,300,100
cmaes,6,245283.40625,13407.9267578125,0.1161816343665123,1.9127167239785194,300,100
cmaes,7,237514.984375,13602.44140625,0.16809315979480743,1.8391025280579925,300,100
cmaes,8,248016.96875,13769.650390625,0.11358821392059326,1.839981507975608,300,100
cmaes,9,230989.359375,13543.7490234375,0.20477613806724548,1.8312932676635683,300,100
cmaes,10,252331.8125,14067.697265625,0.17694315314292908,1.837082982994616,300,100
cmaes,11,248353.171875,13243.984375,0.1743883490562439,1.836212009191513,300,100
cmaes,12,265628.71875,14216.57421875,0.13273832201957703,1.8350601377896965,300,100
cmaes,13,262643.375,13429.26953125,0.10874813795089722,1.8349097347818315,300,100
cmaes,14,246135.828125,13536.3134765625,0.14642731845378876,1.836191303562373,300,100
cmaes,15,251370.875,13919.951171875,0.15436114370822906,1.832894206047058,300,100
cmaes,16,256799.53125,13588.78125,0.1778733879327774,1.8353837979957461,300,100
cmaes,17,245221.640625,14535.017578125,0.17996177077293396,1.8340869201347232,300,100
cmaes,18,240677.28125,13769.07421875,0.1683688908815384,1.8372503500431776,300,100
cmaes,19,223113.5625,13726.58984375,0.207831472158432,1.8371591758914292,300,100
cmaes,20,249429.078125,13818.55859375,0.14867003262043,1.8298602877184749,300,100
cmaes,21,245303.578125,13637.466796875,0.13730809092521667,1.831071316730231,300,100
cmaes,22,248957.859375,13186.677734375,0.15530523657798767,2.0731862280517817,300,100
cmaes,23,254940.703125,13576.689453125,0.156289741396904,2.1249175081029534,300,100
cmaes,24,265879.71875,13376.7216796875,0.136649027466774,2.111576870083809,300,100
cmaes,25,258720.859375,12885.0400390625,0.13146498799324036,2.0986282350495458,300,100
cmaes,26,243434.859375,13543.59765625,0.16291272640228271,2.1133481017313898,300,100
cmaes,27,234644.484375,13612.30859375,0.17509670555591583,2.1112841041758657,300,100
cmaes,28,230559.0,13282.384765625,0.14784890413284302,2.1140288580209017,300,100
cmaes,29,267272.875,13063.7841796875,0.14416806399822235,2.103364464826882,300,100
greedy,0,819132480.0,1750350.25,0.2396533340215683,0.033782615792006254,1,100
greedy,1,1057918464.0,2363022.25,0.22289946675300598,0.03374541876837611,1,100
greedy,2,1039492224.0,2316386.75,0.23210680484771729,0.03353895200416446,1,100
greedy,3,949466240.0,2079179.75,0.20956973731517792,0.034152423962950706,1,100
greedy,4,1098691584.0,2468879.25,0.2139889895915985,0.034218162298202515,1,100
greedy,5,756456256.0,1603070.625,0.21776671707630157,0.054324024356901646,1,100
greedy,6,542950720.0,1100859.5,0.23823882639408112,0.041883197613060474,1,100
greedy,7,821129344.0,1761365.125,0.22631777822971344,0.03389222687110305,1,100
greedy,8,817576768.0,1748086.5,0.23109179735183716,0.03441015863791108,1,100
greedy,9,829330752.0,1778830.25,0.23331092298030853,0.034165988210588694,1,100
greedy,10,984006080.0,2170746.5,0.2202294021844864,0.033984466921538115,1,100
greedy,11,959681600.0,2110589.75,0.21262416243553162,0.03411112865433097,1,100
greedy,12,1192618496.0,2690371.75,0.20306462049484253,0.03422238305211067,1,100
greedy,13,982248064.0,2142862.5,0.22237473726272583,0.034090740606188774,1,100
greedy,14,1336643584.0,3151193.0,0.2256826013326645,0.03400321304798126,1,100
greedy,15,772125056.0,1639900.5,0.2230176478624344,0.034196611028164625,1,100
greedy,16,1073583104.0,2381583.5,0.2093707025051117,0.03359970124438405,1,100
greedy,17,843956224.0,1808403.25,0.2220229059457779,0.033889275044202805,1,100
greedy,18,1145109120.0,2599157.5,0.21890254318714142,0.03346295515075326,1,100
greedy,19,934542848.0,2042242.75,0.23991063237190247,0.03353530075401068,1,100
greedy,20,891593216.0,1921768.375,0.22080844640731812,0.03368143271654844,1,100
greedy,21,1016741696.0,2268973.5,0.22233614325523376,0.03364975517615676,1,100
greedy,22,939912896.0,2057751.125,0.22504445910453796,0.033847646322101355,1,100
greedy,23,725646976.0,1531063.25,0.2120274305343628,0.0338111431337893,1,100
greedy,24,883018112.0,1917494.25,0.20712162554264069,0.03387640789151192,1,100
greedy,25,889620864.0,1927454.875,0.2189641296863556,0.033652923069894314,1,100
greedy,26,984902784.0,2161402.5,0.23081256449222565,0.033353254199028015,1,100
greedy,27,650270848.0,1349567.125,0.23118658363819122,0.033751912880688906,1,100
greedy,28,848035328.0,1812472.25,0.23242948949337006,0.03346259379759431,1,100
greedy,29,831044416.0,1772770.25,0.21144862473011017,0.033785480074584484,1,100
straight,0,248094.5625,12518.6533203125,0.11600782722234726,0.010932495817542076,1,100
straight,1,245087.15625,12518.6533203125,0.17559252679347992,0.01119311898946762,1,100
straight,2,241765.75,12518.6533203125,0.11825050413608551,0.010830683168023825,1,100
straight,3,264360.1875,12518.6533203125,0.12180624902248383,0.01095094857737422,1,100
straight,4,253976.46875,12518.6533203125,0.1436919867992401,0.01741834729909897,1,100
straight,5,241043.90625,12518.6533203125,0.13262031972408295,0.016956541687250137,1,100
straight,6,246314.96875,12518.6533203125,0.10886016488075256,0.017408389132469893,1,100
straight,7,242197.03125,12518.6533203125,0.14667131006717682,0.016049452126026154,1,100
straight,8,254287.453125,12518.6533203125,0.08512630313634872,0.01088623097166419,1,100
straight,9,240690.09375,12518.6533203125,0.16555047035217285,0.011032954789698124,1,100
straight,10,256808.078125,12518.6533203125,0.15612927079200745,0.010821207892149687,1,100
straight,11,256321.484375,12518.6533203125,0.14385972917079926,0.010897390078753233,1,100
straight,12,274028.8125,12518.6533203125,0.09790457040071487,0.011015605181455612,1,100
straight,13,263244.8125,12518.6533203125,0.10334073007106781,0.010768450796604156,1,100
straight,14,247217.78125,12518.6533203125,0.13872233033180237,0.010912193916738033,1,100
straight,15,257587.0625,12518.6533203125,0.1272328495979309,0.011605569161474705,1,100
straight,16,257565.140625,12518.6533203125,0.17166811227798462,0.010640303138643503,1,100
straight,17,250873.484375,12518.6533203125,0.15270304679870605,0.011119711212813854,1,100
straight,18,250686.75,12518.6533203125,0.12710081040859222,0.010872968938201666,1,100
straight,19,231684.28125,12518.6533203125,0.17083612084388733,0.010825755074620247,1,100
straight,20,260861.71875,12518.6533203125,0.10266366600990295,0.011065814178436995,1,100
straight,21,247521.734375,12518.6533203125,0.12488168478012085,0.010774223133921623,1,100
straight,22,253159.1875,12518.6533203125,0.1378599852323532,0.010846472345292568,1,100
straight,23,258998.6875,12518.6533203125,0.13840629160404205,0.011101599782705307,1,100
straight,24,272020.4375,12518.6533203125,0.11271893978118896,0.010901007801294327,1,100
straight,25,267598.03125,12518.6533203125,0.09880752861499786,0.010935923084616661,1,100
straight,26,247887.359375,12518.6533203125,0.14296802878379822,0.010948456358164549,1,100
straight,27,241033.984375,12518.6533203125,0.1471693515777588,0.010822882875800133,1,100
straight,28,234589.9375,12518.6533203125,0.1290443390607834,0.010946701746433973,1,100
straight,29,270535.96875,12518.6533203125,0.13134707510471344,0.010877859778702259,1,100
qipso,0,393854.28125,15230.5693359375,0.11865741014480591,0.7426920752041042,300,150
qipso,1,372844.25,16958.38671875,0.1250782459974289,0.5593189313076437,300,150
qipso,2,377075.9375,16858.60546875,0.10403884947299957,0.5548655348829925,300,150
qipso,3,357808.71875,15085.451171875,0.10540316998958588,0.5585049511864781,300,150
qipso,4,379937.0,16210.978515625,0.11351487785577774,0.7877838918939233,300,150
qipso,5,393436.25,15752.4931640625,0.11148864030838013,0.7972022476606071,300,150
qipso,6,394672.125,16472.36328125,0.11425318568944931,0.7993891690857708,300,150
qipso,7,385057.0625,16729.32421875,0.09901115298271179,0.7948618470691144,300,150
qipso,8,383656.28125,15499.2578125,0.09643486887216568,0.8153349971398711,300,150
qipso,9,394509.25,16306.5703125,0.1337590217590332,0.863007343839854,300,150
qipso,10,384598.71875,17475.3828125,0.12741345167160034,0.8320385082624853,300,150
qipso,11,353519.71875,15516.037109375,0.13438014686107635,0.8290810608305037,300,150
qipso,12,375935.15625,15713.61328125,0.1187414601445198,0.8144966093823314,300,150
qipso,13,369372.5625,16449.068359375,0.13255128264427185,0.786819142755121,300,150
qipso,14,370323.46875,15918.193359375,0.11854785680770874,0.8727175379171968,300,150
qipso,15,382131.1875,17354.75,0.10310637950897217,0.815640389919281,300,150
qipso,16,345462.6875,16078.185546875,0.13643398880958557,0.8122017006389797,300,150
qipso,17,382328.0,16599.72265625,0.14089836180210114,0.8138293838128448,300,150
qipso,18,355119.28125,15546.0380859375,0.1398504376411438,0.8637089123949409,300,150
qipso,19,365026.3125,15792.98828125,0.1360158920288086,0.8760362421162426,300,150
qipso,20,384744.1875,16048.3388671875,0.10176147520542145,0.882705929223448,300,150
qipso,21,386995.6875,15698.1591796875,0.11664672940969467,0.8691219608299434,300,150
qipso,22,392095.6875,15465.765625,0.09383092075586319,0.821985260117799,300,150
qipso,23,343085.125,17136.01171875,0.1480061113834381,0.8204237152822316,300,150
qipso,24,366957.46875,16601.80078125,0.10766888409852982,0.7751068552024662,300,150
qipso,25,383466.28125,17747.154296875,0.1321660727262497,0.7859470066614449,300,150
qipso,26,389864.625,16669.72265625,0.09880808740854263,0.7900268100202084,300,150
qipso,27,350163.96875,16718.7421875,0.12193476408720016,0.7894987193867564,300,150
qipso,28,396644.625,16109.1328125,0.11610870808362961,0.7873835931532085,300,150
qipso,29,376710.375,16316.734375,0.10866086930036545,0.7874996801838279,300,150
qipsode,0,394706.15625,15049.8134765625,0.11625372618436813,0.8918785057030618,300,150
qipsode,1,372591.78125,15903.6416015625,0.12310599535703659,0.8900156803429127,300,150
qipsode,2,376548.9375,14981.5576171875,0.10068098455667496,0.9022007999010384,300,150
qipsode,3,354624.8125,15569.82421875,0.11497834324836731,0.8829820300452411,300,150
qipsode,4,378870.84375,14541.857421875,0.11204526573419571,0.8770292229019105,300,150
qipsode,5,393918.0625,14658.53515625,0.10778166353702545,0.8845681031234562,300,150
qipsode,6,395202.46875,15835.5009765625,0.11159181594848633,0.8912992961704731,300,150
qipsode,7,385193.46875,14414.662109375,0.09301549196243286,0.8985742032527924,300,150
qipsode,8,381579.9375,14486.8212890625,0.09904595464468002,0.8984307777136564,300,150
qipsode,9,390508.15625,14404.798828125,0.13856737315654755,0.8932184311561286,300,150
qipsode,10,382620.3125,14717.4755859375,0.1255607008934021,0.8945384840480983,300,150
qipsode,11,354694.4375,14131.20703125,0.1278252750635147,0.8895994052290916,300,150
qipsode,12,378134.75,14794.64453125,0.11155711859464645,0.8797666318714619,300,150
qipsode,13,370382.84375,14061.603515625,0.12419989705085754,0.8879152461886406,300,150
qipsode,14,369438.03125,14552.2275390625,0.11735052615404129,0.8792293630540371,300,150
qipsode,15,382462.09375,15356.0263671875,0.09733036905527115,0.8682932639494538,300,150
qipsode,16,344902.78125,14996.8017578125,0.1352943778038025,0.8781950389966369,300,150
qipsode,17,380745.6875,14402.630859375,0.13945415616035461,0.8898734110407531,300,150
qipsode,18,355900.875,14722.056640625,0.13597510755062103,0.8860170030966401,300,150
qipsode,19,365820.53125,15039.630859375,0.13218730688095093,0.8936212649568915,300,150
qipsode,20,385769.8125,14676.00390625,0.09591934829950333,0.986395956017077,300,150
qipsode,21,385778.8125,14681.6640625,0.1172427237033844,0.9688007738441229,300,150
qipsode,22,391541.78125,15673.01953125,0.09566229581832886,0.9483010708354414,300,150
qipsode,23,341258.8125,14674.9228515625,0.14634665846824646,0.8984918058849871,300,150
qipsode,24,364198.96875,14752.6279296875,0.10998483747243881,0.8925826442427933,300,150
qipsode,25,383752.84375,14624.7734375,0.12407239526510239,0.8989575859159231,300,150
qipsode,26,384463.59375,15666.029296875,0.10942209511995316,0.8925458081066608,300,150
qipsode,27,348510.9375,15151.0048828125,0.12215936928987503,0.888109068851918,300,150
qipsode,28,397264.9375,14841.2216796875,0.11200521886348724,0.887981291860342,300,150
qipsode,29,373428.875,14743.9453125,0.11288689821958542,0.8808309971354902,300,150
pso,0,395526.8125,16588.83203125,0.11795221269130707,0.6773360031656921,300,150
pso,1,372093.78125,15991.591796875,0.12454642355442047,0.6812527859583497,300,150
pso,2,374275.125,16147.0400390625,0.10923540592193604,0.6741751409135759,300,150
pso,3,357014.78125,16709.6328125,0.111715167760849,0.670558555983007,300,150
pso,4,378263.0,15899.9208984375,0.11685536056756973,0.6716009038500488,300,150
pso,5,392568.8125,14870.5283203125,0.11145441979169846,0.6683481228537858,300,150
pso,6,393631.53125,14286.48046875,0.11156708747148514,0.6651283642277122,300,150
pso,7,386348.59375,15610.85546875,0.09311585873365402,0.6627411460503936,300,150
pso,8,382248.875,14907.453125,0.09843655675649643,0.6751390327699482,300,150
pso,9,392102.6875,16083.45703125,0.13876010477542877,0.6688837199471891,300,150
pso,10,385736.75,16324.580078125,0.12197329849004745,0.6675921119749546,300,150
pso,11,353904.34375,15125.8857421875,0.13239596784114838,0.6740273060277104,300,150
pso,12,375652.71875,16170.244140625,0.12056100368499756,0.6694111009128392,300,150
pso,13,369077.125,15638.677734375,0.13128550350666046,0.6714022168889642,300,150
pso,14,369076.6875,15670.583984375,0.12103073298931122,0.6156804710626602,300,150
pso,15,381032.15625,16326.3017578125,0.10323220491409302,0.4847665848210454,300,150
pso,16,343834.46875,15853.30078125,0.14011318981647491,0.4914173078723252,300,150
pso,17,382593.5,16726.724609375,0.14059008657932281,0.48788601299747825,300,150
pso,18,355817.0625,16106.1728515625,0.13950173556804657,0.5052777901291847,300,150
pso,19,364975.21875,16891.0859375,0.13885895907878876,0.5611676541157067,300,150
pso,20,384428.65625,15850.794921875,0.10209036618471146,0.49369201017543674,300,150
pso,21,385510.03125,15210.6865234375,0.11902150511741638,0.4837565440684557,300,150
pso,22,392218.75,17447.61328125,0.0984591618180275,0.61110521806404,300,150
pso,23,344559.46875,17424.77734375,0.14490695297718048,0.6757928649894893,300,150
pso,24,366197.09375,15126.306640625,0.1058475449681282,0.671084170229733,300,150
pso,25,384407.71875,17118.076171875,0.1284349411725998,0.6746496199630201,300,150
pso,26,387287.34375,17345.078125,0.10678396373987198,0.6648089438676834,300,150
pso,27,348413.78125,15893.6962890625,0.12457498162984848,0.6548292501829565,300,150
pso,28,395044.59375,15497.2001953125,0.11808113008737564,0.6589529141783714,300,150
pso,29,373733.25,15084.4501953125,0.11297622323036194,0.6559868468903005,300,150
ga,0,430712.25,18516.828125,0.10472316294908524,0.7810814371332526,300,150
ga,1,428676.53125,20114.6953125,0.10933370143175125,0.7807397921569645,300,150
ga,2,402589.0625,17370.087890625,0.08828657120466232,0.7904762919060886,300,150
ga,3,396965.75,19888.27734375,0.09746157377958298,0.7834115037694573,300,150
ga,4,411084.53125,19732.6875,0.09694661945104599,0.783146679867059,300,150
ga,5,440219.96875,18756.125,0.09649475663900375,0.7815243890509009,300,150
ga,6,439583.3125,18999.626953125,0.10593406111001968,0.7818799708038568,300,150
ga,7,443354.46875,18521.9453125,0.08285343647003174,0.7827486069872975,300,150
ga,8,404262.90625,19593.103515625,0.08597733080387115,0.7849752521142364,300,150
ga,9,413550.90625,18909.810546875,0.13206736743450165,0.790287546813488,300,150
ga,10,463048.3125,19900.0546875,0.1123911514878273,0.7871657740324736,300,150
ga,11,393128.96875,19941.83984375,0.11409328877925873,0.7902447888627648,300,150
ga,12,401648.90625,18186.609375,0.10705773532390594,0.7900504423305392,300,150
ga,13,394453.03125,18101.646484375,0.11366917192935944,0.793493433855474,300,150
ga,14,425647.65625,20385.005859375,0.11411505192518234,0.7956064967438579,300,150
ga,15,428882.96875,19113.142578125,0.09737551212310791,0.7972970218397677,300,150
ga,16,382297.46875,19811.384765625,0.12579341232776642,0.7969894441775978,300,150
ga,17,411933.15625,18979.265625,0.13396146893501282,0.791900628246367,300,150
ga,18,405383.4375,18683.236328125,0.12111252546310425,0.7961608991026878,300,150
ga,19,402225.8125,18275.22265625,0.11185506731271744,0.7897305339574814,300,150
ga,20,406724.125,18478.828125,0.09154711663722992,0.7904266738332808,300,150
ga,21,425734.1875,19585.25390625,0.11007606983184814,0.7955516171641648,300,150
ga,22,430044.15625,20184.546875,0.08148036152124405,0.8040960500948131,300,150
ga,23,411094.9375,19747.234375,0.13069811463356018,0.8060459531843662,300,150
ga,24,417669.28125,20680.78125,0.09810914099216461,0.8027518023736775,300,150
ga,25,424601.625,19919.23828125,0.11339835822582245,0.8048292379826307,300,150
ga,26,458421.9375,19111.07421875,0.08750098198652267,0.8031403543427587,300,150
ga,27,379426.40625,18976.0546875,0.10792367160320282,0.8045535334385931,300,150
ga,28,438764.46875,18979.81640625,0.1004350557923317,0.8000721191056073,300,150
ga,29,415363.9375,19055.3515625,0.10076145082712173,0.8000714178197086,300,150
de,0,392730.28125,15089.1494140625,0.12094471603631973,0.7261495105922222,300,150
de,1,370577.46875,15081.09375,0.12603573501110077,0.7269794140011072,300,150
de,2,375979.8125,15524.9970703125,0.10344821959733963,0.7223534821532667,300,150
de,3,354931.90625,14871.8125,0.11235479265451431,0.7224666560068727,300,150
de,4,378122.875,14874.578125,0.11467916518449783,0.7256862372159958,300,150
de,5,393136.875,14039.69921875,0.10816345363855362,0.7157521382905543,300,150
de,6,395704.34375,14738.662109375,0.10777153819799423,0.7249321676790714,300,150
de,7,386348.28125,14759.064453125,0.09103304892778397,0.7215732312761247,300,150
de,8,382020.34375,15464.638671875,0.10038282722234726,0.7218189681880176,300,150
de,9,390089.34375,14596.9755859375,0.13996665179729462,0.723336836323142,300,150
de,10,382539.0,14385.412109375,0.1249646469950676,0.7261349479667842,300,150
de,11,355241.5,15061.82421875,0.12880747020244598,0.7228265572339296,300,150
de,12,377357.65625,14174.076171875,0.11149496585130692,0.7231421419419348,300,150
de,13,371844.625,14450.498046875,0.1215628907084465,0.7210677401162684,300,150
de,14,370274.125,15630.791015625,0.11876298487186432,0.7211238997988403,300,150
de,15,380871.9375,14581.8671875,0.09933676570653915,0.720228404738009,300,150
de,16,343034.09375,14192.3271484375,0.1378568857908249,0.7177341170608997,300,150
de,17,380787.15625,14368.3203125,0.13927613198757172,0.7168662310577929,300,150
de,18,354689.9375,14717.5419921875,0.13883930444717407,0.7156237899325788,300,150
de,19,366211.03125,14959.306640625,0.13102254271507263,0.7109214691445231,300,150
de,20,384223.3125,14743.193359375,0.09985068440437317,0.7027905252762139,300,150
de,21,385561.15625,14479.6708984375,0.11716064810752869,0.7101357360370457,300,150
de,22,389711.875,15017.978515625,0.09849128127098083,0.7173286261968315,300,150
de,23,342636.53125,15065.4375,0.14376617968082428,0.7177530480548739,300,150
de,24,364286.375,14091.634765625,0.10807871073484421,0.707985867280513,300,150
de,25,381471.5,14970.66015625,0.13030682504177094,0.7123544467613101,300,150
de,26,382637.5625,15255.9658203125,0.11284143477678299,0.706278988160193,300,150
de,27,348265.53125,14997.623046875,0.12240169197320938,0.7102249246090651,300,150
de,28,394691.71875,15064.6240234375,0.11789591610431671,0.6746355528011918,300,150
de,29,375660.5,14486.53125,0.1067308858036995,0.5192795270122588,300,150
gwo,0,424270.28125,17504.578125,0.10099352896213531,0.5721010966226459,300,150
gwo,1,384076.09375,16766.21484375,0.10361399501562119,0.5723777059465647,300,150
gwo,2,383868.84375,17140.283203125,0.0878436341881752,0.5756666911765933,300,150
gwo,3,380897.84375,18135.962890625,0.10026010125875473,0.5818744557909667,300,150
gwo,4,437889.6875,17259.67578125,0.10683543235063553,0.5716777313500643,300,150
gwo,5,456869.375,18135.435546875,0.09976167231798172,0.5739364787004888,300,150
gwo,6,402028.9375,18475.96875,0.10313792526721954,0.5687356819398701,300,150
gwo,7,423804.09375,17742.423828125,0.0846637636423111,0.5730985789559782,300,150
gwo,8,391081.625,17717.53125,0.08692053705453873,0.561525063123554,300,150
gwo,9,400160.09375,17643.771484375,0.12768058478832245,0.5676994351670146,300,150
gwo,10,469295.125,18976.67578125,0.10885031521320343,0.56968884030357,300,150
gwo,11,360620.9375,17260.875,0.12074016034603119,0.5732424217276275,300,150
gwo,12,401203.9375,17776.609375,0.10858992487192154,0.573745827190578,300,150
gwo,13,376637.65625,15809.837890625,0.11312328279018402,0.5696650561876595,300,150
gwo,14,374780.09375,16985.501953125,0.11011598259210587,0.5744523140601814,300,150
gwo,15,387474.21875,17649.505859375,0.09206876158714294,0.5798518848605454,300,150
gwo,16,359886.34375,17444.47265625,0.1265641301870346,0.5748730478808284,300,150
gwo,17,385913.0625,16989.33203125,0.1351674348115921,0.5788869261741638,300,150
gwo,18,362254.25,16915.61328125,0.12844277918338776,0.5733126802369952,300,150
gwo,19,373876.21875,16500.859375,0.1179768517613411,0.5767524400725961,300,150
gwo,20,398108.1875,17902.6171875,0.0889686644077301,0.5800587749108672,300,150
gwo,21,391708.75,17261.8828125,0.11112488061189651,0.5835307487286627,300,150
gwo,22,402618.0625,18020.384765625,0.08141036331653595,0.5793866547755897,300,150
gwo,23,352476.21875,17540.001953125,0.1304948925971985,0.5833332100883126,300,150
gwo,24,374659.5625,17361.5,0.09495576471090317,0.5817234870046377,300,150
gwo,25,394727.03125,17974.640625,0.1199057325720787,0.5834245537407696,300,150
gwo,26,412993.03125,18205.220703125,0.08699750155210495,0.5836778869852424,300,150
gwo,27,377778.25,16955.5859375,0.11274974048137665,0.5840984443202615,300,150
gwo,28,454364.59375,18740.55859375,0.10428157448768616,0.5864961668848991,300,150
gwo,29,584358.8125,18562.51171875,0.09920305758714676,0.5836178082972765,300,150
lshade,0,392604.71875,12732.814453125,0.1157519593834877,1.7009797459468246,300,150
lshade,1,371432.21875,12697.5361328125,0.11807462573051453,1.6833252809010446,300,150
lshade,2,370568.0625,13173.46875,0.11105988174676895,1.7042548498138785,300,150
lshade,3,352305.28125,13020.955078125,0.11437973380088806,2.1643854081630707,300,150
lshade,4,375637.125,12959.369140625,0.11606987565755844,1.6865081251598895,300,150
lshade,5,391887.875,12831.302734375,0.10825903713703156,1.6869334778748453,300,150
lshade,6,392309.53125,12943.9775390625,0.11151915788650513,2.164147727191448,300,150
lshade,7,384267.8125,12695.4091796875,0.09107419848442078,2.262829882092774,300,150
lshade,8,380115.25,12819.1982421875,0.09854783117771149,2.2869731658138335,300,150
lshade,9,390456.0625,12700.609375,0.13478326797485352,2.279765503015369,300,150
lshade,10,381514.21875,12686.46875,0.12336229532957077,2.285703105852008,300,150
lshade,11,353447.1875,12841.283203125,0.12771588563919067,2.2923031440004706,300,150
lshade,12,374590.84375,12951.724609375,0.1152733787894249,2.281918636057526,300,150
lshade,13,368766.90625,12789.8525390625,0.12504588067531586,2.2784543479792774,300,150
lshade,14,368471.03125,12718.0390625,0.11519372463226318,2.2795126237906516,300,150
lshade,15,377004.9375,12947.115234375,0.10482558608055115,2.2849241397343576,300,150
lshade,16,341981.0625,12776.4296875,0.13690553605556488,2.2773721190169454,300,150
lshade,17,378945.65625,12666.240234375,0.13960370421409607,2.283887257333845,300,150
lshade,18,352072.40625,12989.966796875,0.14109361171722412,2.2812432730570436,300,150
lshade,19,365082.96875,13051.806640625,0.12909425795078278,2.2940525128506124,300,150
lshade,20,382250.3125,12744.166015625,0.09978741407394409,2.3018394578248262,300,150
lshade,21,384462.0625,12637.119140625,0.11539189517498016,2.3055586740374565,300,150
lshade,22,389145.46875,12752.466796875,0.09440097957849503,2.30124282091856,300,150
lshade,23,340435.65625,12771.0966796875,0.14352189004421234,2.293700314126909,300,150
lshade,24,362258.4375,12809.228515625,0.10997757315635681,2.254891371820122,300,150
lshade,25,381572.71875,12711.68359375,0.12470614910125732,2.277363884728402,300,150
lshade,26,381072.5,13025.4775390625,0.11123451590538025,2.2833211990073323,300,150
lshade,27,346255.71875,12742.2724609375,0.1217552125453949,2.2903415649197996,300,150
lshade,28,393883.9375,12719.2646484375,0.11432317644357681,2.266682513989508,300,150
lshade,29,374673.65625,12621.59765625,0.10455918312072754,2.242523194756359,300,150
cmaes,0,389095.9375,13695.31640625,0.12615996599197388,2.076601568609476,300,150
cmaes,1,371443.90625,14075.2392578125,0.12143288552761078,1.9629021040163934,300,150
cmaes,2,374045.40625,13771.283203125,0.10389765352010727,2.0280745532363653,300,150
cmaes,3,354698.25,14042.59375,0.11080020666122437,2.082925315015018,300,150
cmaes,4,378004.4375,13515.62109375,0.1116558238863945,2.082842350937426,300,150
cmaes,5,390649.375,14327.953125,0.11469350755214691,2.0841859318315983,300,150
cmaes,6,398021.59375,14197.587890625,0.1010773703455925,2.0735079520381987,300,150
cmaes,7,379261.1875,14031.197265625,0.10658872872591019,2.0711194928735495,300,150
cmaes,8,381844.09375,13612.654296875,0.09625212848186493,2.0800424818880856,300,150
cmaes,9,391610.5625,13338.142578125,0.13359934091567993,2.0767753799445927,300,150
cmaes,10,377423.90625,13733.2646484375,0.13557223975658417,2.083537746220827,300,150
cmaes,11,355894.5,13284.001953125,0.12258226424455643,2.0803947276435792,300,150
cmaes,12,371244.28125,13827.6396484375,0.12560343742370605,2.073845856823027,300,150
cmaes,13,373154.78125,13563.91796875,0.11616354435682297,2.0734326718375087,300,150
cmaes,14,369813.4375,13860.0419921875,0.11469532549381256,2.0732309757731855,300,150
cmaes,15,372052.46875,13622.7275390625,0.11866436153650284,2.072081150021404,300,150
cmaes,16,345692.5,13756.640625,0.12974484264850616,1.9705194178968668,300,150
cmaes,17,379503.90625,13816.7939453125,0.14099496603012085,2.013199529144913,300,150
cmaes,18,351292.1875,13446.185546875,0.14422553777694702,1.8283387967385352,300,150
cmaes,19,366154.6875,13587.30078125,0.12776757776737213,1.8255689637735486,300,150
cmaes,20,377938.78125,14210.7099609375,0.1138642430305481,1.8286722279153764,300,150
cmaes,21,387032.71875,13973.41015625,0.11245530098676682,1.8209568001329899,300,150
cmaes,22,382294.75,14374.3544921875,0.11478593945503235,1.8271866110153496,300,150
cmaes,23,339259.34375,13401.474609375,0.14824436604976654,1.834690636023879,300,150
cmaes,24,359635.625,13347.69921875,0.11802908778190613,1.8323537507094443,300,150
cmaes,25,377395.90625,13385.5849609375,0.1362166553735733,1.833346288651228,300,150
cmaes,26,388542.71875,14395.0,0.09650249034166336,1.8291961629875004,300,150
cmaes,27,340921.65625,13758.5380859375,0.13847747445106506,1.842250150628388,300,150
cmaes,28,397271.1875,14134.623046875,0.10974138975143433,1.9365093470551074,300,150
cmaes,29,371330.90625,13593.2646484375,0.11522972583770752,1.863421826157719,300,150
greedy,0,1258928896.0,2936876.5,0.14975519478321075,0.03197802975773811,1,150
greedy,1,1306181376.0,3057930.5,0.15896962583065033,0.03166741970926523,1,150
greedy,2,1456589824.0,3547688.75,0.15015409886837006,0.0313185709528625,1,150
greedy,3,1396192384.0,3337396.5,0.16612228751182556,0.031528335995972157,1,150
greedy,4,1509008256.0,3686910.5,0.1576831340789795,0.03154955478385091,1,150
greedy,5,1591705344.0,3889894.0,0.15074056386947632,0.03167407913133502,1,150
greedy,6,1327597824.0,3108101.0,0.14712710678577423,0.031445781234651804,1,150
greedy,7,1179720960.0,2713242.0,0.1493266522884369,0.031668022740632296,1,150
greedy,8,1417474048.0,3386837.75,0.15653058886528015,0.03171903220936656,1,150
greedy,9,1410622080.0,3368864.5,0.14617274701595306,0.031675941310822964,1,150
greedy,10,1513020544.0,3683971.5,0.1491445153951645,0.03191599389538169,1,150
greedy,11,1272622976.0,2989346.0,0.16031859815120697,0.03167380578815937,1,150
greedy,12,1191289856.0,2718236.5,0.15358509123325348,0.03166717290878296,1,150
greedy,13,1400436352.0,3347940.0,0.1532701849937439,0.03152492828667164,1,150
greedy,14,1319691904.0,3149788.0,0.1575639843940735,0.03087687771767378,1,150
greedy,15,1349722496.0,3188289.0,0.15611882507801056,0.0316796419210732,1,150
greedy,16,1342195200.0,3164156.0,0.1601702719926834,0.03101259283721447,1,150
greedy,17,894183104.0,1976776.75,0.14686627686023712,0.03161990735679865,1,150
greedy,18,1150832896.0,2663226.0,0.15858417749404907,0.03131180629134178,1,150
greedy,19,1439275392.0,3461710.25,0.15433847904205322,0.03130839904770255,1,150
greedy,20,1326793984.0,3124674.75,0.1540798395872116,0.03155117202550173,1,150
greedy,21,1183203840.0,2734894.0,0.14694903790950775,0.03142360784113407,1,150
greedy,22,1361907072.0,3245781.0,0.14711137115955353,0.031335473991930485,1,150
greedy,23,1749781504.0,4466065.5,0.16257411241531372,0.0313890241086483,1,150
greedy,24,1482164096.0,3624692.0,0.1614694595336914,0.031336111947894096,1,150
greedy,25,1260837888.0,2936021.5,0.1519475132226944,0.031370324082672596,1,150
greedy,26,1472334592.0,3580965.5,0.1508549004793167,0.030968578066676855,1,150
greedy,27,1176420352.0,2745921.75,0.16536188125610352,0.03149650897830725,1,150
greedy,28,1259703296.0,2930617.25,0.1441868394613266,0.031347507145255804,1,150
greedy,29,1150419456.0,2651563.5,0.15085045993328094,0.03156051132827997,1,150
straight,0,399513.46875,12518.6533203125,0.09917156398296356,0.007377720903605223,1,150
straight,1,375702.5,12518.6533203125,0.10713668912649155,0.007239617872983217,1,150
straight,2,380317.0625,12518.6533203125,0.08518263697624207,0.007206880021840334,1,150
straight,3,360857.1875,12518.6533203125,0.0907459706068039,0.007370700128376484,1,150
straight,4,380126.4375,12518.6533203125,0.10405415296554565,0.007328314706683159,1,150
straight,5,395634.71875,12518.6533203125,0.09870900213718414,0.007292360998690128,1,150
straight,6,398866.5625,12518.6533203125,0.09516626596450806,0.00750639196485281,1,150
straight,7,388300.28125,12518.6533203125,0.08077771216630936,0.007391998544335365,1,150
straight,8,382804.1875,12518.6533203125,0.09121085703372955,0.007302456069737673,1,150
straight,9,393797.78125,12518.6533203125,0.12671270966529846,0.007222483865916729,1,150
straight,10,383759.875,12518.6533203125,0.11762593686580658,0.007292053196579218,1,150
straight,11,356613.96875,12518.6533203125,0.11877969652414322,0.007245276123285294,1,150
straight,12,380511.03125,12518.6533203125,0.09973061084747314,0.007376320660114288,1,150
straight,13,374944.5625,12518.6533203125,0.10919532179832458,0.007177246734499931,1,150
straight,14,370871.28125,12518.6533203125,0.10872812569141388,0.007463196758180857,1,150
straight,15,382747.9375,12518.6533203125,0.0896507129073143,0.007090156897902489,1,150
straight,16,346353.96875,12518.6533203125,0.12476501613855362,0.007355404086410999,1,150
straight,17,382966.65625,12518.6533203125,0.1298116147518158,0.007384493015706539,1,150
straight,18,359115.53125,12518.6533203125,0.12205932289361954,0.007388148922473192,1,150
straight,19,372511.53125,12518.6533203125,0.10939738899469376,0.007251969072967768,1,150
straight,20,387296.59375,12518.6533203125,0.08694395422935486,0.007179986219853163,1,150
straight,21,386186.9375,12518.6533203125,0.11100644618272781,0.007441112771630287,1,150
straight,22,395136.9375,12518.6533203125,0.07942290604114532,0.007371531333774328,1,150
straight,23,344086.9375,12518.6533203125,0.1333179920911789,0.007335061673074961,1,150
straight,24,366285.90625,12518.6533203125,0.09897984564304352,0.007303950376808643,1,150
straight,25,386525.9375,12518.6533203125,0.11249428242444992,0.007410069927573204,1,150
straight,26,388156.09375,12518.6533203125,0.09290506690740585,0.007450866047292948,1,150
straight,27,350188.0,12518.6533203125,0.11081141978502274,0.00746315810829401,1,150
straight,28,400302.4375,12518.6533203125,0.09894302487373352,0.007367969956248999,1,150
straight,29,375324.25,12518.6533203125,0.102695532143116,0.007309340871870518,1,150
